timeStamp,elapsed,label,responseCode,responseMessage,threadName,dataType,success,failureMessage,bytes,sentBytes,grpThreads,allThreads,URL,Filename,Latency,Encoding,SampleCount,ErrorCount,Hostname,IdleTime,Connect
1601711872945,60754,localhost Memory,,,,,true,,0,0,0,0,null,,0,ISO-8859-1,1,0,DESKTOP-JHIFNH0,0,0
1601711872946,7167,localhost CPU,,,,,true,,0,0,0,0,null,,0,ISO-8859-1,1,0,DESKTOP-JHIFNH0,0,0
1601711872946,0,localhost Disks I/O,,,,,true,,0,0,0,0,null,,0,ISO-8859-1,1,0,DESKTOP-JHIFNH0,0,0
1601711873946,60764,localhost Memory,,,,,true,,0,0,0,0,null,,0,ISO-8859-1,1,0,DESKTOP-JHIFNH0,0,0
1601711873946,5450,localhost CPU,,,,,true,,0,0,0,0,null,,0,ISO-8859-1,1,0,DESKTOP-JHIFNH0,0,0
1601711873946,0,localhost Disks I/O,,,,,true,,0,0,0,0,null,,0,ISO-8859-1,1,0,DESKTOP-JHIFNH0,0,0
1601711874946,60772,localhost Memory,,,,,true,,0,0,0,0,null,,0,ISO-8859-1,1,0,DESKTOP-JHIFNH0,0,0
1601711874946,13963,localhost CPU,,,,,true,,0,0,0,0,null,,0,ISO-8859-1,1,0,DESKTOP-JHIFNH0,0,0
1601711874947,0,localhost Disks I/O,,,,,true,,0,0,0,0,null,,0,ISO-8859-1,1,0,DESKTOP-JHIFNH0,0,0
1601711875948,60779,localhost Memory,,,,,true,,0,0,0,0,null,,0,ISO-8859-1,1,0,DESKTOP-JHIFNH0,0,0
1601711875949,3525,localhost CPU,,,,,true,,0,0,0,0,null,,0,ISO-8859-1,1,0,DESKTOP-JHIFNH0,0,0
1601711875949,0,localhost Disks I/O,,,,,true,,0,0,0,0,null,,0,ISO-8859-1,1,0,DESKTOP-JHIFNH0,0,0
1601711876949,60788,localhost Memory,,,,,true,,0,0,0,0,null,,0,ISO-8859-1,1,0,DESKTOP-JHIFNH0,0,0
1601711876949,3846,localhost CPU,,,,,true,,0,0,0,0,null,,0,ISO-8859-1,1,0,DESKTOP-JHIFNH0,0,0
1601711876949,0,localhost Disks I/O,,,,,true,,0,0,0,0,null,,0,ISO-8859-1,1,0,DESKTOP-JHIFNH0,0,0
1601711877949,60804,localhost Memory,,,,,true,,0,0,0,0,null,,0,ISO-8859-1,1,0,DESKTOP-JHIFNH0,0,0
1601711877949,7823,localhost CPU,,,,,true,,0,0,0,0,null,,0,ISO-8859-1,1,0,DESKTOP-JHIFNH0,0,0
1601711877949,0,localhost Disks I/O,,,,,true,,0,0,0,0,null,,0,ISO-8859-1,1,0,DESKTOP-JHIFNH0,0,0
1601711878950,60676,localhost Memory,,,,,true,,0,0,0,0,null,,0,ISO-8859-1,1,0,DESKTOP-JHIFNH0,0,0
1601711878951,5873,localhost CPU,,,,,true,,0,0,0,0,null,,0,ISO-8859-1,1,0,DESKTOP-JHIFNH0,0,0
1601711878951,0,localhost Disks I/O,,,,,true,,0,0,0,0,null,,0,ISO-8859-1,1,0,DESKTOP-JHIFNH0,0,0
1601711879951,60672,localhost Memory,,,,,true,,0,0,0,0,null,,0,ISO-8859-1,1,0,DESKTOP-JHIFNH0,0,0
1601711879951,6604,localhost CPU,,,,,true,,0,0,0,0,null,,0,ISO-8859-1,1,0,DESKTOP-JHIFNH0,0,0
1601711879951,0,localhost Disks I/O,,,,,true,,0,0,0,0,null,,0,ISO-8859-1,1,0,DESKTOP-JHIFNH0,0,0
1601711880952,60671,localhost Memory,,,,,true,,0,0,0,0,null,,0,ISO-8859-1,1,0,DESKTOP-JHIFNH0,0,0
1601711880952,5850,localhost CPU,,,,,true,,0,0,0,0,null,,0,ISO-8859-1,1,0,DESKTOP-JHIFNH0,0,0
1601711880952,0,localhost Disks I/O,,,,,true,,0,0,0,0,null,,0,ISO-8859-1,1,0,DESKTOP-JHIFNH0,0,0
1601711881952,60664,localhost Memory,,,,,true,,0,0,0,0,null,,0,ISO-8859-1,1,0,DESKTOP-JHIFNH0,0,0
1601711881952,7071,localhost CPU,,,,,true,,0,0,0,0,null,,0,ISO-8859-1,1,0,DESKTOP-JHIFNH0,0,0
1601711881952,0,localhost Disks I/O,,,,,true,,0,0,0,0,null,,0,ISO-8859-1,1,0,DESKTOP-JHIFNH0,0,0
1601711882953,60691,localhost Memory,,,,,true,,0,0,0,0,null,,0,ISO-8859-1,1,0,DESKTOP-JHIFNH0,0,0
1601711882953,5076,localhost CPU,,,,,true,,0,0,0,0,null,,0,ISO-8859-1,1,0,DESKTOP-JHIFNH0,0,0
1601711882953,0,localhost Disks I/O,,,,,true,,0,0,0,0,null,,0,ISO-8859-1,1,0,DESKTOP-JHIFNH0,0,0
1601711883955,60696,localhost Memory,,,,,true,,0,0,0,0,null,,0,ISO-8859-1,1,0,DESKTOP-JHIFNH0,0,0
1601711883955,3875,localhost CPU,,,,,true,,0,0,0,0,null,,0,ISO-8859-1,1,0,DESKTOP-JHIFNH0,0,0
1601711883955,0,localhost Disks I/O,,,,,true,,0,0,0,0,null,,0,ISO-8859-1,1,0,DESKTOP-JHIFNH0,0,0
1601711884956,60704,localhost Memory,,,,,true,,0,0,0,0,null,,0,ISO-8859-1,1,0,DESKTOP-JHIFNH0,0,0
1601711884956,3524,localhost CPU,,,,,true,,0,0,0,0,null,,0,ISO-8859-1,1,0,DESKTOP-JHIFNH0,0,0
1601711884956,0,localhost Disks I/O,,,,,true,,0,0,0,0,null,,0,ISO-8859-1,1,0,DESKTOP-JHIFNH0,0,0
1601711885957,60716,localhost Memory,,,,,true,,0,0,0,0,null,,0,ISO-8859-1,1,0,DESKTOP-JHIFNH0,0,0
1601711885957,4348,localhost CPU,,,,,true,,0,0,0,0,null,,0,ISO-8859-1,1,0,DESKTOP-JHIFNH0,0,0
1601711885957,0,localhost Disks I/O,,,,,true,,0,0,0,0,null,,0,ISO-8859-1,1,0,DESKTOP-JHIFNH0,0,0
1601711886958,60732,localhost Memory,,,,,true,,0,0,0,0,null,,0,ISO-8859-1,1,0,DESKTOP-JHIFNH0,0,0
1601711886958,5027,localhost CPU,,,,,true,,0,0,0,0,null,,0,ISO-8859-1,1,0,DESKTOP-JHIFNH0,0,0
1601711886958,0,localhost Disks I/O,,,,,true,,0,0,0,0,null,,0,ISO-8859-1,1,0,DESKTOP-JHIFNH0,0,0
1601711887959,60747,localhost Memory,,,,,true,,0,0,0,0,null,,0,ISO-8859-1,1,0,DESKTOP-JHIFNH0,0,0
1601711887959,3136,localhost CPU,,,,,true,,0,0,0,0,null,,0,ISO-8859-1,1,0,DESKTOP-JHIFNH0,0,0
1601711887959,0,localhost Disks I/O,,,,,true,,0,0,0,0,null,,0,ISO-8859-1,1,0,DESKTOP-JHIFNH0,0,0
1601711888959,60755,localhost Memory,,,,,true,,0,0,0,0,null,,0,ISO-8859-1,1,0,DESKTOP-JHIFNH0,0,0
1601711888959,8511,localhost CPU,,,,,true,,0,0,0,0,null,,0,ISO-8859-1,1,0,DESKTOP-JHIFNH0,0,0
1601711888959,0,localhost Disks I/O,,,,,true,,0,0,0,0,null,,0,ISO-8859-1,1,0,DESKTOP-JHIFNH0,0,0
1601711889959,60766,localhost Memory,,,,,true,,0,0,0,0,null,,0,ISO-8859-1,1,0,DESKTOP-JHIFNH0,0,0
1601711889959,3148,localhost CPU,,,,,true,,0,0,0,0,null,,0,ISO-8859-1,1,0,DESKTOP-JHIFNH0,0,0
1601711889959,0,localhost Disks I/O,,,,,true,,0,0,0,0,null,,0,ISO-8859-1,1,0,DESKTOP-JHIFNH0,0,0
1601711890960,60770,localhost Memory,,,,,true,,0,0,0,0,null,,0,ISO-8859-1,1,0,DESKTOP-JHIFNH0,0,0
1601711890960,5079,localhost CPU,,,,,true,,0,0,0,0,null,,0,ISO-8859-1,1,0,DESKTOP-JHIFNH0,0,0
1601711890960,0,localhost Disks I/O,,,,,true,,0,0,0,0,null,,0,ISO-8859-1,1,0,DESKTOP-JHIFNH0,0,0
1601711891960,60853,localhost Memory,,,,,true,,0,0,0,0,null,,0,ISO-8859-1,1,0,DESKTOP-JHIFNH0,0,0
1601711891960,9352,localhost CPU,,,,,true,,0,0,0,0,null,,0,ISO-8859-1,1,0,DESKTOP-JHIFNH0,0,0
1601711891960,0,localhost Disks I/O,,,,,true,,0,0,0,0,null,,0,ISO-8859-1,1,0,DESKTOP-JHIFNH0,0,0
1601711892960,60844,localhost Memory,,,,,true,,0,0,0,0,null,,0,ISO-8859-1,1,0,DESKTOP-JHIFNH0,0,0
1601711892960,3924,localhost CPU,,,,,true,,0,0,0,0,null,,0,ISO-8859-1,1,0,DESKTOP-JHIFNH0,0,0
1601711892960,0,localhost Disks I/O,,,,,true,,0,0,0,0,null,,0,ISO-8859-1,1,0,DESKTOP-JHIFNH0,0,0
1601711893961,60846,localhost Memory,,,,,true,,0,0,0,0,null,,0,ISO-8859-1,1,0,DESKTOP-JHIFNH0,0,0
1601711893962,10127,localhost CPU,,,,,true,,0,0,0,0,null,,0,ISO-8859-1,1,0,DESKTOP-JHIFNH0,0,0
1601711893962,0,localhost Disks I/O,,,,,true,,0,0,0,0,null,,0,ISO-8859-1,1,0,DESKTOP-JHIFNH0,0,0
1601711894962,60846,localhost Memory,,,,,true,,0,0,0,0,null,,0,ISO-8859-1,1,0,DESKTOP-JHIFNH0,0,0
1601711894962,2714,localhost CPU,,,,,true,,0,0,0,0,null,,0,ISO-8859-1,1,0,DESKTOP-JHIFNH0,0,0
1601711894962,0,localhost Disks I/O,,,,,true,,0,0,0,0,null,,0,ISO-8859-1,1,0,DESKTOP-JHIFNH0,0,0
1601711895962,60847,localhost Memory,,,,,true,,0,0,0,0,null,,0,ISO-8859-1,1,0,DESKTOP-JHIFNH0,0,0
1601711895962,5898,localhost CPU,,,,,true,,0,0,0,0,null,,0,ISO-8859-1,1,0,DESKTOP-JHIFNH0,0,0
1601711895962,0,localhost Disks I/O,,,,,true,,0,0,0,0,null,,0,ISO-8859-1,1,0,DESKTOP-JHIFNH0,0,0
1601711896962,60848,localhost Memory,,,,,true,,0,0,0,0,null,,0,ISO-8859-1,1,0,DESKTOP-JHIFNH0,0,0
1601711896962,6600,localhost CPU,,,,,true,,0,0,0,0,null,,0,ISO-8859-1,1,0,DESKTOP-JHIFNH0,0,0
1601711896962,0,localhost Disks I/O,,,,,true,,0,0,0,0,null,,0,ISO-8859-1,1,0,DESKTOP-JHIFNH0,0,0
1601711897962,60848,localhost Memory,,,,,true,,0,0,0,0,null,,0,ISO-8859-1,1,0,DESKTOP-JHIFNH0,0,0
1601711897962,4639,localhost CPU,,,,,true,,0,0,0,0,null,,0,ISO-8859-1,1,0,DESKTOP-JHIFNH0,0,0
1601711897962,0,localhost Disks I/O,,,,,true,,0,0,0,0,null,,0,ISO-8859-1,1,0,DESKTOP-JHIFNH0,0,0
1601711898962,60847,localhost Memory,,,,,true,,0,0,0,0,null,,0,ISO-8859-1,1,0,DESKTOP-JHIFNH0,0,0
1601711898962,7446,localhost CPU,,,,,true,,0,0,0,0,null,,0,ISO-8859-1,1,0,DESKTOP-JHIFNH0,0,0
1601711898962,0,localhost Disks I/O,,,,,true,,0,0,0,0,null,,0,ISO-8859-1,1,0,DESKTOP-JHIFNH0,0,0
1601711899963,60847,localhost Memory,,,,,true,,0,0,0,0,null,,0,ISO-8859-1,1,0,DESKTOP-JHIFNH0,0,0
1601711899964,3150,localhost CPU,,,,,true,,0,0,0,0,null,,0,ISO-8859-1,1,0,DESKTOP-JHIFNH0,0,0
1601711899964,0,localhost Disks I/O,,,,,true,,0,0,0,0,null,,0,ISO-8859-1,1,0,DESKTOP-JHIFNH0,0,0
1601711900964,60847,localhost Memory,,,,,true,,0,0,0,0,null,,0,ISO-8859-1,1,0,DESKTOP-JHIFNH0,0,0
1601711900964,3076,localhost CPU,,,,,true,,0,0,0,0,null,,0,ISO-8859-1,1,0,DESKTOP-JHIFNH0,0,0
1601711900964,0,localhost Disks I/O,,,,,true,,0,0,0,0,null,,0,ISO-8859-1,1,0,DESKTOP-JHIFNH0,0,0
1601711901964,60847,localhost Memory,,,,,true,,0,0,0,0,null,,0,ISO-8859-1,1,0,DESKTOP-JHIFNH0,0,0
1601711901964,5050,localhost CPU,,,,,true,,0,0,0,0,null,,0,ISO-8859-1,1,0,DESKTOP-JHIFNH0,0,0
1601711901964,0,localhost Disks I/O,,,,,true,,0,0,0,0,null,,0,ISO-8859-1,1,0,DESKTOP-JHIFNH0,0,0
1601711902965,60847,localhost Memory,,,,,true,,0,0,0,0,null,,0,ISO-8859-1,1,0,DESKTOP-JHIFNH0,0,0
1601711902965,4347,localhost CPU,,,,,true,,0,0,0,0,null,,0,ISO-8859-1,1,0,DESKTOP-JHIFNH0,0,0
1601711902965,0,localhost Disks I/O,,,,,true,,0,0,0,0,null,,0,ISO-8859-1,1,0,DESKTOP-JHIFNH0,0,0
1601711903965,60857,localhost Memory,,,,,true,,0,0,0,0,null,,0,ISO-8859-1,1,0,DESKTOP-JHIFNH0,0,0
1601711903965,10902,localhost CPU,,,,,true,,0,0,0,0,null,,0,ISO-8859-1,1,0,DESKTOP-JHIFNH0,0,0
1601711903965,0,localhost Disks I/O,,,,,true,,0,0,0,0,null,,0,ISO-8859-1,1,0,DESKTOP-JHIFNH0,0,0
1601711904966,60868,localhost Memory,,,,,true,,0,0,0,0,null,,0,ISO-8859-1,1,0,DESKTOP-JHIFNH0,0,0
1601711904966,5454,localhost CPU,,,,,true,,0,0,0,0,null,,0,ISO-8859-1,1,0,DESKTOP-JHIFNH0,0,0
1601711904966,0,localhost Disks I/O,,,,,true,,0,0,0,0,null,,0,ISO-8859-1,1,0,DESKTOP-JHIFNH0,0,0
1601711905966,60871,localhost Memory,,,,,true,,0,0,0,0,null,,0,ISO-8859-1,1,0,DESKTOP-JHIFNH0,0,0
1601711905966,4676,localhost CPU,,,,,true,,0,0,0,0,null,,0,ISO-8859-1,1,0,DESKTOP-JHIFNH0,0,0
1601711905966,0,localhost Disks I/O,,,,,true,,0,0,0,0,null,,0,ISO-8859-1,1,0,DESKTOP-JHIFNH0,0,0
1601711906966,60898,localhost Memory,,,,,true,,0,0,0,0,null,,0,ISO-8859-1,1,0,DESKTOP-JHIFNH0,0,0
1601711906967,7848,localhost CPU,,,,,true,,0,0,0,0,null,,0,ISO-8859-1,1,0,DESKTOP-JHIFNH0,0,0
1601711906967,0,localhost Disks I/O,,,,,true,,0,0,0,0,null,,0,ISO-8859-1,1,0,DESKTOP-JHIFNH0,0,0
1601711907968,60905,localhost Memory,,,,,true,,0,0,0,0,null,,0,ISO-8859-1,1,0,DESKTOP-JHIFNH0,0,0
1601711907968,3500,localhost CPU,,,,,true,,0,0,0,0,null,,0,ISO-8859-1,1,0,DESKTOP-JHIFNH0,0,0
1601711907968,0,localhost Disks I/O,,,,,true,,0,0,0,0,null,,0,ISO-8859-1,1,0,DESKTOP-JHIFNH0,0,0
1601711908968,60922,localhost Memory,,,,,true,,0,0,0,0,null,,0,ISO-8859-1,1,0,DESKTOP-JHIFNH0,0,0
1601711908968,6598,localhost CPU,,,,,true,,0,0,0,0,null,,0,ISO-8859-1,1,0,DESKTOP-JHIFNH0,0,0
1601711908968,0,localhost Disks I/O,,,,,true,,0,0,0,0,null,,0,ISO-8859-1,1,0,DESKTOP-JHIFNH0,0,0
1601711909969,60942,localhost Memory,,,,,true,,0,0,0,0,null,,0,ISO-8859-1,1,0,DESKTOP-JHIFNH0,0,0
1601711909969,3901,localhost CPU,,,,,true,,0,0,0,0,null,,0,ISO-8859-1,1,0,DESKTOP-JHIFNH0,0,0
1601711909969,0,localhost Disks I/O,,,,,true,,0,0,0,0,null,,0,ISO-8859-1,1,0,DESKTOP-JHIFNH0,0,0
1601711910969,60951,localhost Memory,,,,,true,,0,0,0,0,null,,0,ISO-8859-1,1,0,DESKTOP-JHIFNH0,0,0
1601711910969,6270,localhost CPU,,,,,true,,0,0,0,0,null,,0,ISO-8859-1,1,0,DESKTOP-JHIFNH0,0,0
1601711910969,0,localhost Disks I/O,,,,,true,,0,0,0,0,null,,0,ISO-8859-1,1,0,DESKTOP-JHIFNH0,0,0
1601711911969,60965,localhost Memory,,,,,true,,0,0,0,0,null,,0,ISO-8859-1,1,0,DESKTOP-JHIFNH0,0,0
1601711911969,4677,localhost CPU,,,,,true,,0,0,0,0,null,,0,ISO-8859-1,1,0,DESKTOP-JHIFNH0,0,0
1601711911969,0,localhost Disks I/O,,,,,true,,0,0,0,0,null,,0,ISO-8859-1,1,0,DESKTOP-JHIFNH0,0,0
1601711912969,60977,localhost Memory,,,,,true,,0,0,0,0,null,,0,ISO-8859-1,1,0,DESKTOP-JHIFNH0,0,0
1601711912969,5827,localhost CPU,,,,,true,,0,0,0,0,null,,0,ISO-8859-1,1,0,DESKTOP-JHIFNH0,0,0
1601711912969,0,localhost Disks I/O,,,,,true,,0,0,0,0,null,,0,ISO-8859-1,1,0,DESKTOP-JHIFNH0,0,0
1601711913969,60989,localhost Memory,,,,,true,,0,0,0,0,null,,0,ISO-8859-1,1,0,DESKTOP-JHIFNH0,0,0
1601711913969,5472,localhost CPU,,,,,true,,0,0,0,0,null,,0,ISO-8859-1,1,0,DESKTOP-JHIFNH0,0,0
1601711913969,0,localhost Disks I/O,,,,,true,,0,0,0,0,null,,0,ISO-8859-1,1,0,DESKTOP-JHIFNH0,0,0
1601711914970,61004,localhost Memory,,,,,true,,0,0,0,0,null,,0,ISO-8859-1,1,0,DESKTOP-JHIFNH0,0,0
1601711914970,4723,localhost CPU,,,,,true,,0,0,0,0,null,,0,ISO-8859-1,1,0,DESKTOP-JHIFNH0,0,0
1601711914970,0,localhost Disks I/O,,,,,true,,0,0,0,0,null,,0,ISO-8859-1,1,0,DESKTOP-JHIFNH0,0,0
1601711915970,61013,localhost Memory,,,,,true,,0,0,0,0,null,,0,ISO-8859-1,1,0,DESKTOP-JHIFNH0,0,0
1601711915970,4236,localhost CPU,,,,,true,,0,0,0,0,null,,0,ISO-8859-1,1,0,DESKTOP-JHIFNH0,0,0
1601711915970,0,localhost Disks I/O,,,,,true,,0,0,0,0,null,,0,ISO-8859-1,1,0,DESKTOP-JHIFNH0,0,0
1601711916970,61019,localhost Memory,,,,,true,,0,0,0,0,null,,0,ISO-8859-1,1,0,DESKTOP-JHIFNH0,0,0
1601711916970,3524,localhost CPU,,,,,true,,0,0,0,0,null,,0,ISO-8859-1,1,0,DESKTOP-JHIFNH0,0,0
1601711916970,0,localhost Disks I/O,,,,,true,,0,0,0,0,null,,0,ISO-8859-1,1,0,DESKTOP-JHIFNH0,0,0
1601711917970,61036,localhost Memory,,,,,true,,0,0,0,0,null,,0,ISO-8859-1,1,0,DESKTOP-JHIFNH0,0,0
1601711917970,8622,localhost CPU,,,,,true,,0,0,0,0,null,,0,ISO-8859-1,1,0,DESKTOP-JHIFNH0,0,0
1601711917970,0,localhost Disks I/O,,,,,true,,0,0,0,0,null,,0,ISO-8859-1,1,0,DESKTOP-JHIFNH0,0,0
1601711918970,61028,localhost Memory,,,,,true,,0,0,0,0,null,,0,ISO-8859-1,1,0,DESKTOP-JHIFNH0,0,0
1601711918970,6225,localhost CPU,,,,,true,,0,0,0,0,null,,0,ISO-8859-1,1,0,DESKTOP-JHIFNH0,0,0
1601711918970,0,localhost Disks I/O,,,,,true,,0,0,0,0,null,,0,ISO-8859-1,1,0,DESKTOP-JHIFNH0,0,0
1601711919970,61026,localhost Memory,,,,,true,,0,0,0,0,null,,0,ISO-8859-1,1,0,DESKTOP-JHIFNH0,0,0
1601711919970,5100,localhost CPU,,,,,true,,0,0,0,0,null,,0,ISO-8859-1,1,0,DESKTOP-JHIFNH0,0,0
1601711919970,0,localhost Disks I/O,,,,,true,,0,0,0,0,null,,0,ISO-8859-1,1,0,DESKTOP-JHIFNH0,0,0
1601711920971,61026,localhost Memory,,,,,true,,0,0,0,0,null,,0,ISO-8859-1,1,0,DESKTOP-JHIFNH0,0,0
1601711920971,7370,localhost CPU,,,,,true,,0,0,0,0,null,,0,ISO-8859-1,1,0,DESKTOP-JHIFNH0,0,0
1601711920971,0,localhost Disks I/O,,,,,true,,0,0,0,0,null,,0,ISO-8859-1,1,0,DESKTOP-JHIFNH0,0,0
1601711921971,61026,localhost Memory,,,,,true,,0,0,0,0,null,,0,ISO-8859-1,1,0,DESKTOP-JHIFNH0,0,0
1601711921971,5100,localhost CPU,,,,,true,,0,0,0,0,null,,0,ISO-8859-1,1,0,DESKTOP-JHIFNH0,0,0
1601711921971,0,localhost Disks I/O,,,,,true,,0,0,0,0,null,,0,ISO-8859-1,1,0,DESKTOP-JHIFNH0,0,0
1601711922971,61026,localhost Memory,,,,,true,,0,0,0,0,null,,0,ISO-8859-1,1,0,DESKTOP-JHIFNH0,0,0
1601711922971,7025,localhost CPU,,,,,true,,0,0,0,0,null,,0,ISO-8859-1,1,0,DESKTOP-JHIFNH0,0,0
1601711922971,0,localhost Disks I/O,,,,,true,,0,0,0,0,null,,0,ISO-8859-1,1,0,DESKTOP-JHIFNH0,0,0
1601711923971,61026,localhost Memory,,,,,true,,0,0,0,0,null,,0,ISO-8859-1,1,0,DESKTOP-JHIFNH0,0,0
1601711923971,5075,localhost CPU,,,,,true,,0,0,0,0,null,,0,ISO-8859-1,1,0,DESKTOP-JHIFNH0,0,0
1601711923971,0,localhost Disks I/O,,,,,true,,0,0,0,0,null,,0,ISO-8859-1,1,0,DESKTOP-JHIFNH0,0,0
1601711924971,61026,localhost Memory,,,,,true,,0,0,0,0,null,,0,ISO-8859-1,1,0,DESKTOP-JHIFNH0,0,0
1601711924971,5031,localhost CPU,,,,,true,,0,0,0,0,null,,0,ISO-8859-1,1,0,DESKTOP-JHIFNH0,0,0
1601711924971,0,localhost Disks I/O,,,,,true,,0,0,0,0,null,,0,ISO-8859-1,1,0,DESKTOP-JHIFNH0,0,0
1601711925971,61026,localhost Memory,,,,,true,,0,0,0,0,null,,0,ISO-8859-1,1,0,DESKTOP-JHIFNH0,0,0
1601711925971,7397,localhost CPU,,,,,true,,0,0,0,0,null,,0,ISO-8859-1,1,0,DESKTOP-JHIFNH0,0,0
1601711925971,0,localhost Disks I/O,,,,,true,,0,0,0,0,null,,0,ISO-8859-1,1,0,DESKTOP-JHIFNH0,0,0
1601711926972,61026,localhost Memory,,,,,true,,0,0,0,0,null,,0,ISO-8859-1,1,0,DESKTOP-JHIFNH0,0,0
1601711926972,5850,localhost CPU,,,,,true,,0,0,0,0,null,,0,ISO-8859-1,1,0,DESKTOP-JHIFNH0,0,0
1601711926972,0,localhost Disks I/O,,,,,true,,0,0,0,0,null,,0,ISO-8859-1,1,0,DESKTOP-JHIFNH0,0,0
1601711927972,61026,localhost Memory,,,,,true,,0,0,0,0,null,,0,ISO-8859-1,1,0,DESKTOP-JHIFNH0,0,0
1601711927972,7826,localhost CPU,,,,,true,,0,0,0,0,null,,0,ISO-8859-1,1,0,DESKTOP-JHIFNH0,0,0
1601711927973,0,localhost Disks I/O,,,,,true,,0,0,0,0,null,,0,ISO-8859-1,1,0,DESKTOP-JHIFNH0,0,0
1601711928973,61026,localhost Memory,,,,,true,,0,0,0,0,null,,0,ISO-8859-1,1,0,DESKTOP-JHIFNH0,0,0
1601711928973,4697,localhost CPU,,,,,true,,0,0,0,0,null,,0,ISO-8859-1,1,0,DESKTOP-JHIFNH0,0,0
1601711928973,1000,localhost Disks I/O,,,,,true,,0,0,0,0,null,,0,ISO-8859-1,1,0,DESKTOP-JHIFNH0,0,0
1601711929973,61024,localhost Memory,,,,,true,,0,0,0,0,null,,0,ISO-8859-1,1,0,DESKTOP-JHIFNH0,0,0
1601711929973,9768,localhost CPU,,,,,true,,0,0,0,0,null,,0,ISO-8859-1,1,0,DESKTOP-JHIFNH0,0,0
1601711929973,0,localhost Disks I/O,,,,,true,,0,0,0,0,null,,0,ISO-8859-1,1,0,DESKTOP-JHIFNH0,0,0
1601711930974,61012,localhost Memory,,,,,true,,0,0,0,0,null,,0,ISO-8859-1,1,0,DESKTOP-JHIFNH0,0,0
1601711930974,3137,localhost CPU,,,,,true,,0,0,0,0,null,,0,ISO-8859-1,1,0,DESKTOP-JHIFNH0,0,0
1601711930974,0,localhost Disks I/O,,,,,true,,0,0,0,0,null,,0,ISO-8859-1,1,0,DESKTOP-JHIFNH0,0,0
1601711931975,61012,localhost Memory,,,,,true,,0,0,0,0,null,,0,ISO-8859-1,1,0,DESKTOP-JHIFNH0,0,0
1601711931975,7069,localhost CPU,,,,,true,,0,0,0,0,null,,0,ISO-8859-1,1,0,DESKTOP-JHIFNH0,0,0
1601711931975,0,localhost Disks I/O,,,,,true,,0,0,0,0,null,,0,ISO-8859-1,1,0,DESKTOP-JHIFNH0,0,0
1601711932976,61015,localhost Memory,,,,,true,,0,0,0,0,null,,0,ISO-8859-1,1,0,DESKTOP-JHIFNH0,0,0
1601711932977,9727,localhost CPU,,,,,true,,0,0,0,0,null,,0,ISO-8859-1,1,0,DESKTOP-JHIFNH0,0,0
1601711932977,0,localhost Disks I/O,,,,,true,,0,0,0,0,null,,0,ISO-8859-1,1,0,DESKTOP-JHIFNH0,0,0
1601711933977,61017,localhost Memory,,,,,true,,0,0,0,0,null,,0,ISO-8859-1,1,0,DESKTOP-JHIFNH0,0,0
1601711933978,5829,localhost CPU,,,,,true,,0,0,0,0,null,,0,ISO-8859-1,1,0,DESKTOP-JHIFNH0,0,0
1601711933978,0,localhost Disks I/O,,,,,true,,0,0,0,0,null,,0,ISO-8859-1,1,0,DESKTOP-JHIFNH0,0,0
1601711934978,61017,localhost Memory,,,,,true,,0,0,0,0,null,,0,ISO-8859-1,1,0,DESKTOP-JHIFNH0,0,0
1601711934979,7416,localhost CPU,,,,,true,,0,0,0,0,null,,0,ISO-8859-1,1,0,DESKTOP-JHIFNH0,0,0
1601711934979,0,localhost Disks I/O,,,,,true,,0,0,0,0,null,,0,ISO-8859-1,1,0,DESKTOP-JHIFNH0,0,0
1601711935980,61020,localhost Memory,,,,,true,,0,0,0,0,null,,0,ISO-8859-1,1,0,DESKTOP-JHIFNH0,0,0
1601711935980,9752,localhost CPU,,,,,true,,0,0,0,0,null,,0,ISO-8859-1,1,0,DESKTOP-JHIFNH0,0,0
1601711935980,0,localhost Disks I/O,,,,,true,,0,0,0,0,null,,0,ISO-8859-1,1,0,DESKTOP-JHIFNH0,0,0
1601711936980,61023,localhost Memory,,,,,true,,0,0,0,0,null,,0,ISO-8859-1,1,0,DESKTOP-JHIFNH0,0,0
1601711936980,8222,localhost CPU,,,,,true,,0,0,0,0,null,,0,ISO-8859-1,1,0,DESKTOP-JHIFNH0,0,0
1601711936980,0,localhost Disks I/O,,,,,true,,0,0,0,0,null,,0,ISO-8859-1,1,0,DESKTOP-JHIFNH0,0,0
1601711937981,61039,localhost Memory,,,,,true,,0,0,0,0,null,,0,ISO-8859-1,1,0,DESKTOP-JHIFNH0,0,0
1601711937981,11325,localhost CPU,,,,,true,,0,0,0,0,null,,0,ISO-8859-1,1,0,DESKTOP-JHIFNH0,0,0
1601711937981,0,localhost Disks I/O,,,,,true,,0,0,0,0,null,,0,ISO-8859-1,1,0,DESKTOP-JHIFNH0,0,0
1601711938981,61031,localhost Memory,,,,,true,,0,0,0,0,null,,0,ISO-8859-1,1,0,DESKTOP-JHIFNH0,0,0
1601711938981,7401,localhost CPU,,,,,true,,0,0,0,0,null,,0,ISO-8859-1,1,0,DESKTOP-JHIFNH0,0,0
1601711938981,0,localhost Disks I/O,,,,,true,,0,0,0,0,null,,0,ISO-8859-1,1,0,DESKTOP-JHIFNH0,0,0
1601711939981,61036,localhost Memory,,,,,true,,0,0,0,0,null,,0,ISO-8859-1,1,0,DESKTOP-JHIFNH0,0,0
1601711939981,7800,localhost CPU,,,,,true,,0,0,0,0,null,,0,ISO-8859-1,1,0,DESKTOP-JHIFNH0,0,0
1601711939981,0,localhost Disks I/O,,,,,true,,0,0,0,0,null,,0,ISO-8859-1,1,0,DESKTOP-JHIFNH0,0,0
1601711940981,61191,localhost Memory,,,,,true,,0,0,0,0,null,,0,ISO-8859-1,1,0,DESKTOP-JHIFNH0,0,0
1601711940981,16404,localhost CPU,,,,,true,,0,0,0,0,null,,0,ISO-8859-1,1,0,DESKTOP-JHIFNH0,0,0
1601711940981,0,localhost Disks I/O,,,,,true,,0,0,0,0,null,,0,ISO-8859-1,1,0,DESKTOP-JHIFNH0,0,0
1601711941982,61190,localhost Memory,,,,,true,,0,0,0,0,null,,0,ISO-8859-1,1,0,DESKTOP-JHIFNH0,0,0
1601711941982,8556,localhost CPU,,,,,true,,0,0,0,0,null,,0,ISO-8859-1,1,0,DESKTOP-JHIFNH0,0,0
1601711941982,0,localhost Disks I/O,,,,,true,,0,0,0,0,null,,0,ISO-8859-1,1,0,DESKTOP-JHIFNH0,0,0
1601711942983,61182,localhost Memory,,,,,true,,0,0,0,0,null,,0,ISO-8859-1,1,0,DESKTOP-JHIFNH0,0,0
1601711942983,9312,localhost CPU,,,,,true,,0,0,0,0,null,,0,ISO-8859-1,1,0,DESKTOP-JHIFNH0,0,0
1601711942983,0,localhost Disks I/O,,,,,true,,0,0,0,0,null,,0,ISO-8859-1,1,0,DESKTOP-JHIFNH0,0,0
1601711943984,61176,localhost Memory,,,,,true,,0,0,0,0,null,,0,ISO-8859-1,1,0,DESKTOP-JHIFNH0,0,0
1601711943984,6626,localhost CPU,,,,,true,,0,0,0,0,null,,0,ISO-8859-1,1,0,DESKTOP-JHIFNH0,0,0
1601711943984,0,localhost Disks I/O,,,,,true,,0,0,0,0,null,,0,ISO-8859-1,1,0,DESKTOP-JHIFNH0,0,0
1601711944984,61176,localhost Memory,,,,,true,,0,0,0,0,null,,0,ISO-8859-1,1,0,DESKTOP-JHIFNH0,0,0
1601711944984,7826,localhost CPU,,,,,true,,0,0,0,0,null,,0,ISO-8859-1,1,0,DESKTOP-JHIFNH0,0,0
1601711944984,0,localhost Disks I/O,,,,,true,,0,0,0,0,null,,0,ISO-8859-1,1,0,DESKTOP-JHIFNH0,0,0
1601711945984,61175,localhost Memory,,,,,true,,0,0,0,0,null,,0,ISO-8859-1,1,0,DESKTOP-JHIFNH0,0,0
1601711945984,7420,localhost CPU,,,,,true,,0,0,0,0,null,,0,ISO-8859-1,1,0,DESKTOP-JHIFNH0,0,0
1601711945984,0,localhost Disks I/O,,,,,true,,0,0,0,0,null,,0,ISO-8859-1,1,0,DESKTOP-JHIFNH0,0,0
1601711946984,61167,localhost Memory,,,,,true,,0,0,0,0,null,,0,ISO-8859-1,1,0,DESKTOP-JHIFNH0,0,0
1601711946984,11207,localhost CPU,,,,,true,,0,0,0,0,null,,0,ISO-8859-1,1,0,DESKTOP-JHIFNH0,0,0
1601711946984,0,localhost Disks I/O,,,,,true,,0,0,0,0,null,,0,ISO-8859-1,1,0,DESKTOP-JHIFNH0,0,0
1601711947984,61166,localhost Memory,,,,,true,,0,0,0,0,null,,0,ISO-8859-1,1,0,DESKTOP-JHIFNH0,0,0
1601711947984,8600,localhost CPU,,,,,true,,0,0,0,0,null,,0,ISO-8859-1,1,0,DESKTOP-JHIFNH0,0,0
1601711947984,0,localhost Disks I/O,,,,,true,,0,0,0,0,null,,0,ISO-8859-1,1,0,DESKTOP-JHIFNH0,0,0
1601711948985,61162,localhost Memory,,,,,true,,0,0,0,0,null,,0,ISO-8859-1,1,0,DESKTOP-JHIFNH0,0,0
1601711948985,8136,localhost CPU,,,,,true,,0,0,0,0,null,,0,ISO-8859-1,1,0,DESKTOP-JHIFNH0,0,0
1601711948985,0,localhost Disks I/O,,,,,true,,0,0,0,0,null,,0,ISO-8859-1,1,0,DESKTOP-JHIFNH0,0,0
1601711949985,61162,localhost Memory,,,,,true,,0,0,0,0,null,,0,ISO-8859-1,1,0,DESKTOP-JHIFNH0,0,0
1601711949986,7816,localhost CPU,,,,,true,,0,0,0,0,null,,0,ISO-8859-1,1,0,DESKTOP-JHIFNH0,0,0
1601711949986,0,localhost Disks I/O,,,,,true,,0,0,0,0,null,,0,ISO-8859-1,1,0,DESKTOP-JHIFNH0,0,0
1601711950987,61161,localhost Memory,,,,,true,,0,0,0,0,null,,0,ISO-8859-1,1,0,DESKTOP-JHIFNH0,0,0
1601711950987,8152,localhost CPU,,,,,true,,0,0,0,0,null,,0,ISO-8859-1,1,0,DESKTOP-JHIFNH0,0,0
1601711950987,0,localhost Disks I/O,,,,,true,,0,0,0,0,null,,0,ISO-8859-1,1,0,DESKTOP-JHIFNH0,0,0
1601711951987,61155,localhost Memory,,,,,true,,0,0,0,0,null,,0,ISO-8859-1,1,0,DESKTOP-JHIFNH0,0,0
1601711951987,10950,localhost CPU,,,,,true,,0,0,0,0,null,,0,ISO-8859-1,1,0,DESKTOP-JHIFNH0,0,0
1601711951987,0,localhost Disks I/O,,,,,true,,0,0,0,0,null,,0,ISO-8859-1,1,0,DESKTOP-JHIFNH0,0,0
1601711952988,61155,localhost Memory,,,,,true,,0,0,0,0,null,,0,ISO-8859-1,1,0,DESKTOP-JHIFNH0,0,0
1601711952988,7071,localhost CPU,,,,,true,,0,0,0,0,null,,0,ISO-8859-1,1,0,DESKTOP-JHIFNH0,0,0
1601711952988,0,localhost Disks I/O,,,,,true,,0,0,0,0,null,,0,ISO-8859-1,1,0,DESKTOP-JHIFNH0,0,0
1601711953988,61150,localhost Memory,,,,,true,,0,0,0,0,null,,0,ISO-8859-1,1,0,DESKTOP-JHIFNH0,0,0
1601711953988,8204,localhost CPU,,,,,true,,0,0,0,0,null,,0,ISO-8859-1,1,0,DESKTOP-JHIFNH0,0,0
1601711953988,0,localhost Disks I/O,,,,,true,,0,0,0,0,null,,0,ISO-8859-1,1,0,DESKTOP-JHIFNH0,0,0
1601711954989,61149,localhost Memory,,,,,true,,0,0,0,0,null,,0,ISO-8859-1,1,0,DESKTOP-JHIFNH0,0,0
1601711954989,5425,localhost CPU,,,,,true,,0,0,0,0,null,,0,ISO-8859-1,1,0,DESKTOP-JHIFNH0,0,0
1601711954989,0,localhost Disks I/O,,,,,true,,0,0,0,0,null,,0,ISO-8859-1,1,0,DESKTOP-JHIFNH0,0,0
1601711955989,61149,localhost Memory,,,,,true,,0,0,0,0,null,,0,ISO-8859-1,1,0,DESKTOP-JHIFNH0,0,0
1601711955989,11347,localhost CPU,,,,,true,,0,0,0,0,null,,0,ISO-8859-1,1,0,DESKTOP-JHIFNH0,0,0
1601711955989,0,localhost Disks I/O,,,,,true,,0,0,0,0,null,,0,ISO-8859-1,1,0,DESKTOP-JHIFNH0,0,0
1601711956989,61139,localhost Memory,,,,,true,,0,0,0,0,null,,0,ISO-8859-1,1,0,DESKTOP-JHIFNH0,0,0
1601711956989,12032,localhost CPU,,,,,true,,0,0,0,0,null,,0,ISO-8859-1,1,0,DESKTOP-JHIFNH0,0,0
1601711956989,0,localhost Disks I/O,,,,,true,,0,0,0,0,null,,0,ISO-8859-1,1,0,DESKTOP-JHIFNH0,0,0
1601711957989,61153,localhost Memory,,,,,true,,0,0,0,0,null,,0,ISO-8859-1,1,0,DESKTOP-JHIFNH0,0,0
1601711957989,29868,localhost CPU,,,,,true,,0,0,0,0,null,,0,ISO-8859-1,1,0,DESKTOP-JHIFNH0,0,0
1601711957989,0,localhost Disks I/O,,,,,true,,0,0,0,0,null,,0,ISO-8859-1,1,0,DESKTOP-JHIFNH0,0,0
1601711958989,61223,localhost Memory,,,,,true,,0,0,0,0,null,,0,ISO-8859-1,1,0,DESKTOP-JHIFNH0,0,0
1601711958989,53138,localhost CPU,,,,,true,,0,0,0,0,null,,0,ISO-8859-1,1,0,DESKTOP-JHIFNH0,0,0
1601711958989,0,localhost Disks I/O,,,,,true,,0,0,0,0,null,,0,ISO-8859-1,1,0,DESKTOP-JHIFNH0,0,0
1601711959989,61355,localhost Memory,,,,,true,,0,0,0,0,null,,0,ISO-8859-1,1,0,DESKTOP-JHIFNH0,0,0
1601711959989,35788,localhost CPU,,,,,true,,0,0,0,0,null,,0,ISO-8859-1,1,0,DESKTOP-JHIFNH0,0,0
1601711959989,0,localhost Disks I/O,,,,,true,,0,0,0,0,null,,0,ISO-8859-1,1,0,DESKTOP-JHIFNH0,0,0
1601711960989,61355,localhost Memory,,,,,true,,0,0,0,0,null,,0,ISO-8859-1,1,0,DESKTOP-JHIFNH0,0,0
1601711960989,9000,localhost CPU,,,,,true,,0,0,0,0,null,,0,ISO-8859-1,1,0,DESKTOP-JHIFNH0,0,0
1601711960989,0,localhost Disks I/O,,,,,true,,0,0,0,0,null,,0,ISO-8859-1,1,0,DESKTOP-JHIFNH0,0,0
1601711961990,61340,localhost Memory,,,,,true,,0,0,0,0,null,,0,ISO-8859-1,1,0,DESKTOP-JHIFNH0,0,0
1601711961991,8952,localhost CPU,,,,,true,,0,0,0,0,null,,0,ISO-8859-1,1,0,DESKTOP-JHIFNH0,0,0
1601711961991,0,localhost Disks I/O,,,,,true,,0,0,0,0,null,,0,ISO-8859-1,1,0,DESKTOP-JHIFNH0,0,0
1601711962991,61315,localhost Memory,,,,,true,,0,0,0,0,null,,0,ISO-8859-1,1,0,DESKTOP-JHIFNH0,0,0
1601711962991,7825,localhost CPU,,,,,true,,0,0,0,0,null,,0,ISO-8859-1,1,0,DESKTOP-JHIFNH0,0,0
1601711962991,1000,localhost Disks I/O,,,,,true,,0,0,0,0,null,,0,ISO-8859-1,1,0,DESKTOP-JHIFNH0,0,0
1601711963991,61314,localhost Memory,,,,,true,,0,0,0,0,null,,0,ISO-8859-1,1,0,DESKTOP-JHIFNH0,0,0
1601711963991,10109,localhost CPU,,,,,true,,0,0,0,0,null,,0,ISO-8859-1,1,0,DESKTOP-JHIFNH0,0,0
1601711963991,0,localhost Disks I/O,,,,,true,,0,0,0,0,null,,0,ISO-8859-1,1,0,DESKTOP-JHIFNH0,0,0
1601711964991,61310,localhost Memory,,,,,true,,0,0,0,0,null,,0,ISO-8859-1,1,0,DESKTOP-JHIFNH0,0,0
1601711964991,13296,localhost CPU,,,,,true,,0,0,0,0,null,,0,ISO-8859-1,1,0,DESKTOP-JHIFNH0,0,0
1601711964991,0,localhost Disks I/O,,,,,true,,0,0,0,0,null,,0,ISO-8859-1,1,0,DESKTOP-JHIFNH0,0,0
1601711965991,61297,localhost Memory,,,,,true,,0,0,0,0,null,,0,ISO-8859-1,1,0,DESKTOP-JHIFNH0,0,0
1601711965991,12830,localhost CPU,,,,,true,,0,0,0,0,null,,0,ISO-8859-1,1,0,DESKTOP-JHIFNH0,0,0
1601711965991,0,localhost Disks I/O,,,,,true,,0,0,0,0,null,,0,ISO-8859-1,1,0,DESKTOP-JHIFNH0,0,0
1601711966991,61298,localhost Memory,,,,,true,,0,0,0,0,null,,0,ISO-8859-1,1,0,DESKTOP-JHIFNH0,0,0
1601711966991,9000,localhost CPU,,,,,true,,0,0,0,0,null,,0,ISO-8859-1,1,0,DESKTOP-JHIFNH0,0,0
1601711966991,0,localhost Disks I/O,,,,,true,,0,0,0,0,null,,0,ISO-8859-1,1,0,DESKTOP-JHIFNH0,0,0
1601711967992,61295,localhost Memory,,,,,true,,0,0,0,0,null,,0,ISO-8859-1,1,0,DESKTOP-JHIFNH0,0,0
1601711967992,7393,localhost CPU,,,,,true,,0,0,0,0,null,,0,ISO-8859-1,1,0,DESKTOP-JHIFNH0,0,0
1601711967992,0,localhost Disks I/O,,,,,true,,0,0,0,0,null,,0,ISO-8859-1,1,0,DESKTOP-JHIFNH0,0,0
1601711968992,61294,localhost Memory,,,,,true,,0,0,0,0,null,,0,ISO-8859-1,1,0,DESKTOP-JHIFNH0,0,0
1601711968992,7026,localhost CPU,,,,,true,,0,0,0,0,null,,0,ISO-8859-1,1,0,DESKTOP-JHIFNH0,0,0
1601711968992,0,localhost Disks I/O,,,,,true,,0,0,0,0,null,,0,ISO-8859-1,1,0,DESKTOP-JHIFNH0,0,0
1601711969992,61283,localhost Memory,,,,,true,,0,0,0,0,null,,0,ISO-8859-1,1,0,DESKTOP-JHIFNH0,0,0
1601711969992,8975,localhost CPU,,,,,true,,0,0,0,0,null,,0,ISO-8859-1,1,0,DESKTOP-JHIFNH0,0,0
1601711969992,0,localhost Disks I/O,,,,,true,,0,0,0,0,null,,0,ISO-8859-1,1,0,DESKTOP-JHIFNH0,0,0
1601711970992,61282,localhost Memory,,,,,true,,0,0,0,0,null,,0,ISO-8859-1,1,0,DESKTOP-JHIFNH0,0,0
1601711970992,10150,localhost CPU,,,,,true,,0,0,0,0,null,,0,ISO-8859-1,1,0,DESKTOP-JHIFNH0,0,0
1601711970992,0,localhost Disks I/O,,,,,true,,0,0,0,0,null,,0,ISO-8859-1,1,0,DESKTOP-JHIFNH0,0,0
1601711971992,61282,localhost Memory,,,,,true,,0,0,0,0,null,,0,ISO-8859-1,1,0,DESKTOP-JHIFNH0,0,0
1601711971992,7050,localhost CPU,,,,,true,,0,0,0,0,null,,0,ISO-8859-1,1,0,DESKTOP-JHIFNH0,0,0
1601711971992,0,localhost Disks I/O,,,,,true,,0,0,0,0,null,,0,ISO-8859-1,1,0,DESKTOP-JHIFNH0,0,0
1601711972993,61282,localhost Memory,,,,,true,,0,0,0,0,null,,0,ISO-8859-1,1,0,DESKTOP-JHIFNH0,0,0
1601711972993,12281,localhost CPU,,,,,true,,0,0,0,0,null,,0,ISO-8859-1,1,0,DESKTOP-JHIFNH0,0,0
1601711972993,0,localhost Disks I/O,,,,,true,,0,0,0,0,null,,0,ISO-8859-1,1,0,DESKTOP-JHIFNH0,0,0
1601711973993,61271,localhost Memory,,,,,true,,0,0,0,0,null,,0,ISO-8859-1,1,0,DESKTOP-JHIFNH0,0,0
1601711973993,9874,localhost CPU,,,,,true,,0,0,0,0,null,,0,ISO-8859-1,1,0,DESKTOP-JHIFNH0,0,0
1601711973993,0,localhost Disks I/O,,,,,true,,0,0,0,0,null,,0,ISO-8859-1,1,0,DESKTOP-JHIFNH0,0,0
1601711974994,61271,localhost Memory,,,,,true,,0,0,0,0,null,,0,ISO-8859-1,1,0,DESKTOP-JHIFNH0,0,0
1601711974994,6526,localhost CPU,,,,,true,,0,0,0,0,null,,0,ISO-8859-1,1,0,DESKTOP-JHIFNH0,0,0
1601711974994,0,localhost Disks I/O,,,,,true,,0,0,0,0,null,,0,ISO-8859-1,1,0,DESKTOP-JHIFNH0,0,0
1601711975994,61271,localhost Memory,,,,,true,,0,0,0,0,null,,0,ISO-8859-1,1,0,DESKTOP-JHIFNH0,0,0
1601711975994,5873,localhost CPU,,,,,true,,0,0,0,0,null,,0,ISO-8859-1,1,0,DESKTOP-JHIFNH0,0,0
1601711975994,0,localhost Disks I/O,,,,,true,,0,0,0,0,null,,0,ISO-8859-1,1,0,DESKTOP-JHIFNH0,0,0
1601711976995,61273,localhost Memory,,,,,true,,0,0,0,0,null,,0,ISO-8859-1,1,0,DESKTOP-JHIFNH0,0,0
1601711976995,10149,localhost CPU,,,,,true,,0,0,0,0,null,,0,ISO-8859-1,1,0,DESKTOP-JHIFNH0,0,0
1601711976995,0,localhost Disks I/O,,,,,true,,0,0,0,0,null,,0,ISO-8859-1,1,0,DESKTOP-JHIFNH0,0,0
1601711977995,61274,localhost Memory,,,,,true,,0,0,0,0,null,,0,ISO-8859-1,1,0,DESKTOP-JHIFNH0,0,0
1601711977995,15625,localhost CPU,,,,,true,,0,0,0,0,null,,0,ISO-8859-1,1,0,DESKTOP-JHIFNH0,0,0
1601711977995,1000,localhost Disks I/O,,,,,true,,0,0,0,0,null,,0,ISO-8859-1,1,0,DESKTOP-JHIFNH0,0,0
1601711978995,61269,localhost Memory,,,,,true,,0,0,0,0,null,,0,ISO-8859-1,1,0,DESKTOP-JHIFNH0,0,0
1601711978995,13265,localhost CPU,,,,,true,,0,0,0,0,null,,0,ISO-8859-1,1,0,DESKTOP-JHIFNH0,0,0
1601711978995,0,localhost Disks I/O,,,,,true,,0,0,0,0,null,,0,ISO-8859-1,1,0,DESKTOP-JHIFNH0,0,0
1601711979995,61264,localhost Memory,,,,,true,,0,0,0,0,null,,0,ISO-8859-1,1,0,DESKTOP-JHIFNH0,0,0
1601711979995,6600,localhost CPU,,,,,true,,0,0,0,0,null,,0,ISO-8859-1,1,0,DESKTOP-JHIFNH0,0,0
1601711979995,0,localhost Disks I/O,,,,,true,,0,0,0,0,null,,0,ISO-8859-1,1,0,DESKTOP-JHIFNH0,0,0
1601711980995,61265,localhost Memory,,,,,true,,0,0,0,0,null,,0,ISO-8859-1,1,0,DESKTOP-JHIFNH0,0,0
1601711980995,9377,localhost CPU,,,,,true,,0,0,0,0,null,,0,ISO-8859-1,1,0,DESKTOP-JHIFNH0,0,0
1601711980995,0,localhost Disks I/O,,,,,true,,0,0,0,0,null,,0,ISO-8859-1,1,0,DESKTOP-JHIFNH0,0,0
1601711981995,61268,localhost Memory,,,,,true,,0,0,0,0,null,,0,ISO-8859-1,1,0,DESKTOP-JHIFNH0,0,0
1601711981995,10881,localhost CPU,,,,,true,,0,0,0,0,null,,0,ISO-8859-1,1,0,DESKTOP-JHIFNH0,0,0
1601711981995,0,localhost Disks I/O,,,,,true,,0,0,0,0,null,,0,ISO-8859-1,1,0,DESKTOP-JHIFNH0,0,0
1601711982996,61269,localhost Memory,,,,,true,,0,0,0,0,null,,0,ISO-8859-1,1,0,DESKTOP-JHIFNH0,0,0
1601711982996,8964,localhost CPU,,,,,true,,0,0,0,0,null,,0,ISO-8859-1,1,0,DESKTOP-JHIFNH0,0,0
1601711982996,0,localhost Disks I/O,,,,,true,,0,0,0,0,null,,0,ISO-8859-1,1,0,DESKTOP-JHIFNH0,0,0
1601711983997,61273,localhost Memory,,,,,true,,0,0,0,0,null,,0,ISO-8859-1,1,0,DESKTOP-JHIFNH0,0,0
1601711983997,9013,localhost CPU,,,,,true,,0,0,0,0,null,,0,ISO-8859-1,1,0,DESKTOP-JHIFNH0,0,0
1601711983998,0,localhost Disks I/O,,,,,true,,0,0,0,0,null,,0,ISO-8859-1,1,0,DESKTOP-JHIFNH0,0,0
1601711984999,61281,localhost Memory,,,,,true,,0,0,0,0,null,,0,ISO-8859-1,1,0,DESKTOP-JHIFNH0,0,0
1601711984999,11656,localhost CPU,,,,,true,,0,0,0,0,null,,0,ISO-8859-1,1,0,DESKTOP-JHIFNH0,0,0
1601711984999,0,localhost Disks I/O,,,,,true,,0,0,0,0,null,,0,ISO-8859-1,1,0,DESKTOP-JHIFNH0,0,0
1601711986000,61286,localhost Memory,,,,,true,,0,0,0,0,null,,0,ISO-8859-1,1,0,DESKTOP-JHIFNH0,0,0
1601711986000,5497,localhost CPU,,,,,true,,0,0,0,0,null,,0,ISO-8859-1,1,0,DESKTOP-JHIFNH0,0,0
1601711986000,0,localhost Disks I/O,,,,,true,,0,0,0,0,null,,0,ISO-8859-1,1,0,DESKTOP-JHIFNH0,0,0
1601711987000,61292,localhost Memory,,,,,true,,0,0,0,0,null,,0,ISO-8859-1,1,0,DESKTOP-JHIFNH0,0,0
1601711987000,10488,localhost CPU,,,,,true,,0,0,0,0,null,,0,ISO-8859-1,1,0,DESKTOP-JHIFNH0,0,0
1601711987000,0,localhost Disks I/O,,,,,true,,0,0,0,0,null,,0,ISO-8859-1,1,0,DESKTOP-JHIFNH0,0,0
1601711988000,61291,localhost Memory,,,,,true,,0,0,0,0,null,,0,ISO-8859-1,1,0,DESKTOP-JHIFNH0,0,0
1601711988000,6603,localhost CPU,,,,,true,,0,0,0,0,null,,0,ISO-8859-1,1,0,DESKTOP-JHIFNH0,0,0
1601711988000,0,localhost Disks I/O,,,,,true,,0,0,0,0,null,,0,ISO-8859-1,1,0,DESKTOP-JHIFNH0,0,0
1601711989000,61296,localhost Memory,,,,,true,,0,0,0,0,null,,0,ISO-8859-1,1,0,DESKTOP-JHIFNH0,0,0
1601711989000,7869,localhost CPU,,,,,true,,0,0,0,0,null,,0,ISO-8859-1,1,0,DESKTOP-JHIFNH0,0,0
1601711989000,0,localhost Disks I/O,,,,,true,,0,0,0,0,null,,0,ISO-8859-1,1,0,DESKTOP-JHIFNH0,0,0
1601711990000,61353,localhost Memory,,,,,true,,0,0,0,0,null,,0,ISO-8859-1,1,0,DESKTOP-JHIFNH0,0,0
1601711990000,8175,localhost CPU,,,,,true,,0,0,0,0,null,,0,ISO-8859-1,1,0,DESKTOP-JHIFNH0,0,0
1601711990000,0,localhost Disks I/O,,,,,true,,0,0,0,0,null,,0,ISO-8859-1,1,0,DESKTOP-JHIFNH0,0,0
1601711991000,61358,localhost Memory,,,,,true,,0,0,0,0,null,,0,ISO-8859-1,1,0,DESKTOP-JHIFNH0,0,0
1601711991000,7449,localhost CPU,,,,,true,,0,0,0,0,null,,0,ISO-8859-1,1,0,DESKTOP-JHIFNH0,0,0
1601711991000,0,localhost Disks I/O,,,,,true,,0,0,0,0,null,,0,ISO-8859-1,1,0,DESKTOP-JHIFNH0,0,0
1601711992000,61365,localhost Memory,,,,,true,,0,0,0,0,null,,0,ISO-8859-1,1,0,DESKTOP-JHIFNH0,0,0
1601711992000,9352,localhost CPU,,,,,true,,0,0,0,0,null,,0,ISO-8859-1,1,0,DESKTOP-JHIFNH0,0,0
1601711992000,0,localhost Disks I/O,,,,,true,,0,0,0,0,null,,0,ISO-8859-1,1,0,DESKTOP-JHIFNH0,0,0
1601711993001,61390,localhost Memory,,,,,true,,0,0,0,0,null,,0,ISO-8859-1,1,0,DESKTOP-JHIFNH0,0,0
1601711993001,10569,localhost CPU,,,,,true,,0,0,0,0,null,,0,ISO-8859-1,1,0,DESKTOP-JHIFNH0,0,0
1601711993001,0,localhost Disks I/O,,,,,true,,0,0,0,0,null,,0,ISO-8859-1,1,0,DESKTOP-JHIFNH0,0,0
1601711994001,61388,localhost Memory,,,,,true,,0,0,0,0,null,,0,ISO-8859-1,1,0,DESKTOP-JHIFNH0,0,0
1601711994001,8179,localhost CPU,,,,,true,,0,0,0,0,null,,0,ISO-8859-1,1,0,DESKTOP-JHIFNH0,0,0
1601711994001,0,localhost Disks I/O,,,,,true,,0,0,0,0,null,,0,ISO-8859-1,1,0,DESKTOP-JHIFNH0,0,0
1601711995001,61390,localhost Memory,,,,,true,,0,0,0,0,null,,0,ISO-8859-1,1,0,DESKTOP-JHIFNH0,0,0
1601711995001,8200,localhost CPU,,,,,true,,0,0,0,0,null,,0,ISO-8859-1,1,0,DESKTOP-JHIFNH0,0,0
1601711995001,0,localhost Disks I/O,,,,,true,,0,0,0,0,null,,0,ISO-8859-1,1,0,DESKTOP-JHIFNH0,0,0
1601711996001,61392,localhost Memory,,,,,true,,0,0,0,0,null,,0,ISO-8859-1,1,0,DESKTOP-JHIFNH0,0,0
1601711996001,7025,localhost CPU,,,,,true,,0,0,0,0,null,,0,ISO-8859-1,1,0,DESKTOP-JHIFNH0,0,0
1601711996001,0,localhost Disks I/O,,,,,true,,0,0,0,0,null,,0,ISO-8859-1,1,0,DESKTOP-JHIFNH0,0,0
1601711997001,61388,localhost Memory,,,,,true,,0,0,0,0,null,,0,ISO-8859-1,1,0,DESKTOP-JHIFNH0,0,0
1601711997001,13222,localhost CPU,,,,,true,,0,0,0,0,null,,0,ISO-8859-1,1,0,DESKTOP-JHIFNH0,0,0
1601711997001,0,localhost Disks I/O,,,,,true,,0,0,0,0,null,,0,ISO-8859-1,1,0,DESKTOP-JHIFNH0,0,0
1601711998001,61384,localhost Memory,,,,,true,,0,0,0,0,null,,0,ISO-8859-1,1,0,DESKTOP-JHIFNH0,0,0
1601711998001,10974,localhost CPU,,,,,true,,0,0,0,0,null,,0,ISO-8859-1,1,0,DESKTOP-JHIFNH0,0,0
1601711998001,0,localhost Disks I/O,,,,,true,,0,0,0,0,null,,0,ISO-8859-1,1,0,DESKTOP-JHIFNH0,0,0
1601711999002,61389,localhost Memory,,,,,true,,0,0,0,0,null,,0,ISO-8859-1,1,0,DESKTOP-JHIFNH0,0,0
1601711999002,6671,localhost CPU,,,,,true,,0,0,0,0,null,,0,ISO-8859-1,1,0,DESKTOP-JHIFNH0,0,0
1601711999002,0,localhost Disks I/O,,,,,true,,0,0,0,0,null,,0,ISO-8859-1,1,0,DESKTOP-JHIFNH0,0,0
1601712000003,61383,localhost Memory,,,,,true,,0,0,0,0,null,,0,ISO-8859-1,1,0,DESKTOP-JHIFNH0,0,0
1601712000004,14748,localhost CPU,,,,,true,,0,0,0,0,null,,0,ISO-8859-1,1,0,DESKTOP-JHIFNH0,0,0
1601712000004,0,localhost Disks I/O,,,,,true,,0,0,0,0,null,,0,ISO-8859-1,1,0,DESKTOP-JHIFNH0,0,0
1601712001004,61396,localhost Memory,,,,,true,,0,0,0,0,null,,0,ISO-8859-1,1,0,DESKTOP-JHIFNH0,0,0
1601712001004,14018,localhost CPU,,,,,true,,0,0,0,0,null,,0,ISO-8859-1,1,0,DESKTOP-JHIFNH0,0,0
1601712001004,0,localhost Disks I/O,,,,,true,,0,0,0,0,null,,0,ISO-8859-1,1,0,DESKTOP-JHIFNH0,0,0
1601712002004,61388,localhost Memory,,,,,true,,0,0,0,0,null,,0,ISO-8859-1,1,0,DESKTOP-JHIFNH0,0,0
1601712002004,11988,localhost CPU,,,,,true,,0,0,0,0,null,,0,ISO-8859-1,1,0,DESKTOP-JHIFNH0,0,0
1601712002004,0,localhost Disks I/O,,,,,true,,0,0,0,0,null,,0,ISO-8859-1,1,0,DESKTOP-JHIFNH0,0,0
1601712003004,61384,localhost Memory,,,,,true,,0,0,0,0,null,,0,ISO-8859-1,1,0,DESKTOP-JHIFNH0,0,0
1601712003004,9733,localhost CPU,,,,,true,,0,0,0,0,null,,0,ISO-8859-1,1,0,DESKTOP-JHIFNH0,0,0
1601712003004,0,localhost Disks I/O,,,,,true,,0,0,0,0,null,,0,ISO-8859-1,1,0,DESKTOP-JHIFNH0,0,0
1601712004004,61375,localhost Memory,,,,,true,,0,0,0,0,null,,0,ISO-8859-1,1,0,DESKTOP-JHIFNH0,0,0
1601712004004,11637,localhost CPU,,,,,true,,0,0,0,0,null,,0,ISO-8859-1,1,0,DESKTOP-JHIFNH0,0,0
1601712004004,0,localhost Disks I/O,,,,,true,,0,0,0,0,null,,0,ISO-8859-1,1,0,DESKTOP-JHIFNH0,0,0
1601712005004,61376,localhost Memory,,,,,true,,0,0,0,0,null,,0,ISO-8859-1,1,0,DESKTOP-JHIFNH0,0,0
1601712005004,9789,localhost CPU,,,,,true,,0,0,0,0,null,,0,ISO-8859-1,1,0,DESKTOP-JHIFNH0,0,0
1601712005004,0,localhost Disks I/O,,,,,true,,0,0,0,0,null,,0,ISO-8859-1,1,0,DESKTOP-JHIFNH0,0,0
1601712006005,61368,localhost Memory,,,,,true,,0,0,0,0,null,,0,ISO-8859-1,1,0,DESKTOP-JHIFNH0,0,0
1601712006005,10925,localhost CPU,,,,,true,,0,0,0,0,null,,0,ISO-8859-1,1,0,DESKTOP-JHIFNH0,0,0
1601712006006,0,localhost Disks I/O,,,,,true,,0,0,0,0,null,,0,ISO-8859-1,1,0,DESKTOP-JHIFNH0,0,0
1601712007006,61366,localhost Memory,,,,,true,,0,0,0,0,null,,0,ISO-8859-1,1,0,DESKTOP-JHIFNH0,0,0
1601712007006,10488,localhost CPU,,,,,true,,0,0,0,0,null,,0,ISO-8859-1,1,0,DESKTOP-JHIFNH0,0,0
1601712007006,0,localhost Disks I/O,,,,,true,,0,0,0,0,null,,0,ISO-8859-1,1,0,DESKTOP-JHIFNH0,0,0
1601712008007,61362,localhost Memory,,,,,true,,0,0,0,0,null,,0,ISO-8859-1,1,0,DESKTOP-JHIFNH0,0,0
1601712008007,9339,localhost CPU,,,,,true,,0,0,0,0,null,,0,ISO-8859-1,1,0,DESKTOP-JHIFNH0,0,0
1601712008007,0,localhost Disks I/O,,,,,true,,0,0,0,0,null,,0,ISO-8859-1,1,0,DESKTOP-JHIFNH0,0,0
1601712009008,61358,localhost Memory,,,,,true,,0,0,0,0,null,,0,ISO-8859-1,1,0,DESKTOP-JHIFNH0,0,0
1601712009009,10969,localhost CPU,,,,,true,,0,0,0,0,null,,0,ISO-8859-1,1,0,DESKTOP-JHIFNH0,0,0
1601712009009,0,localhost Disks I/O,,,,,true,,0,0,0,0,null,,0,ISO-8859-1,1,0,DESKTOP-JHIFNH0,0,0
1601712010010,61353,localhost Memory,,,,,true,,0,0,0,0,null,,0,ISO-8859-1,1,0,DESKTOP-JHIFNH0,0,0
1601712010010,12006,localhost CPU,,,,,true,,0,0,0,0,null,,0,ISO-8859-1,1,0,DESKTOP-JHIFNH0,0,0
1601712010010,0,localhost Disks I/O,,,,,true,,0,0,0,0,null,,0,ISO-8859-1,1,0,DESKTOP-JHIFNH0,0,0
1601712011010,61348,localhost Memory,,,,,true,,0,0,0,0,null,,0,ISO-8859-1,1,0,DESKTOP-JHIFNH0,0,0
1601712011010,12845,localhost CPU,,,,,true,,0,0,0,0,null,,0,ISO-8859-1,1,0,DESKTOP-JHIFNH0,0,0
1601712011010,0,localhost Disks I/O,,,,,true,,0,0,0,0,null,,0,ISO-8859-1,1,0,DESKTOP-JHIFNH0,0,0
1601712012011,61345,localhost Memory,,,,,true,,0,0,0,0,null,,0,ISO-8859-1,1,0,DESKTOP-JHIFNH0,0,0
1601712012011,13207,localhost CPU,,,,,true,,0,0,0,0,null,,0,ISO-8859-1,1,0,DESKTOP-JHIFNH0,0,0
1601712012012,0,localhost Disks I/O,,,,,true,,0,0,0,0,null,,0,ISO-8859-1,1,0,DESKTOP-JHIFNH0,0,0
1601712013012,61345,localhost Memory,,,,,true,,0,0,0,0,null,,0,ISO-8859-1,1,0,DESKTOP-JHIFNH0,0,0
1601712013012,10167,localhost CPU,,,,,true,,0,0,0,0,null,,0,ISO-8859-1,1,0,DESKTOP-JHIFNH0,0,0
1601712013012,0,localhost Disks I/O,,,,,true,,0,0,0,0,null,,0,ISO-8859-1,1,0,DESKTOP-JHIFNH0,0,0
1601712014012,61380,localhost Memory,,,,,true,,0,0,0,0,null,,0,ISO-8859-1,1,0,DESKTOP-JHIFNH0,0,0
1601712014012,16404,localhost CPU,,,,,true,,0,0,0,0,null,,0,ISO-8859-1,1,0,DESKTOP-JHIFNH0,0,0
1601712014012,0,localhost Disks I/O,,,,,true,,0,0,0,0,null,,0,ISO-8859-1,1,0,DESKTOP-JHIFNH0,0,0
1601712015013,61383,localhost Memory,,,,,true,,0,0,0,0,null,,0,ISO-8859-1,1,0,DESKTOP-JHIFNH0,0,0
1601712015013,10444,localhost CPU,,,,,true,,0,0,0,0,null,,0,ISO-8859-1,1,0,DESKTOP-JHIFNH0,0,0
1601712015013,0,localhost Disks I/O,,,,,true,,0,0,0,0,null,,0,ISO-8859-1,1,0,DESKTOP-JHIFNH0,0,0
1601712016013,61386,localhost Memory,,,,,true,,0,0,0,0,null,,0,ISO-8859-1,1,0,DESKTOP-JHIFNH0,0,0
1601712016013,11705,localhost CPU,,,,,true,,0,0,0,0,null,,0,ISO-8859-1,1,0,DESKTOP-JHIFNH0,0,0
1601712016013,0,localhost Disks I/O,,,,,true,,0,0,0,0,null,,0,ISO-8859-1,1,0,DESKTOP-JHIFNH0,0,0
1601712017013,61392,localhost Memory,,,,,true,,0,0,0,0,null,,0,ISO-8859-1,1,0,DESKTOP-JHIFNH0,0,0
1601712017013,13620,localhost CPU,,,,,true,,0,0,0,0,null,,0,ISO-8859-1,1,0,DESKTOP-JHIFNH0,0,0
1601712017013,0,localhost Disks I/O,,,,,true,,0,0,0,0,null,,0,ISO-8859-1,1,0,DESKTOP-JHIFNH0,0,0
1601712018013,61389,localhost Memory,,,,,true,,0,0,0,0,null,,0,ISO-8859-1,1,0,DESKTOP-JHIFNH0,0,0
1601712018013,8997,localhost CPU,,,,,true,,0,0,0,0,null,,0,ISO-8859-1,1,0,DESKTOP-JHIFNH0,0,0
1601712018013,0,localhost Disks I/O,,,,,true,,0,0,0,0,null,,0,ISO-8859-1,1,0,DESKTOP-JHIFNH0,0,0
1601712019013,61407,localhost Memory,,,,,true,,0,0,0,0,null,,0,ISO-8859-1,1,0,DESKTOP-JHIFNH0,0,0
1601712019013,16024,localhost CPU,,,,,true,,0,0,0,0,null,,0,ISO-8859-1,1,0,DESKTOP-JHIFNH0,0,0
1601712019013,0,localhost Disks I/O,,,,,true,,0,0,0,0,null,,0,ISO-8859-1,1,0,DESKTOP-JHIFNH0,0,0
1601712020014,61412,localhost Memory,,,,,true,,0,0,0,0,null,,0,ISO-8859-1,1,0,DESKTOP-JHIFNH0,0,0
1601712020015,8579,localhost CPU,,,,,true,,0,0,0,0,null,,0,ISO-8859-1,1,0,DESKTOP-JHIFNH0,0,0
1601712020015,0,localhost Disks I/O,,,,,true,,0,0,0,0,null,,0,ISO-8859-1,1,0,DESKTOP-JHIFNH0,0,0
1601712021015,61414,localhost Memory,,,,,true,,0,0,0,0,null,,0,ISO-8859-1,1,0,DESKTOP-JHIFNH0,0,0
1601712021015,9018,localhost CPU,,,,,true,,0,0,0,0,null,,0,ISO-8859-1,1,0,DESKTOP-JHIFNH0,0,0
1601712021015,0,localhost Disks I/O,,,,,true,,0,0,0,0,null,,0,ISO-8859-1,1,0,DESKTOP-JHIFNH0,0,0
1601712022015,61410,localhost Memory,,,,,true,,0,0,0,0,null,,0,ISO-8859-1,1,0,DESKTOP-JHIFNH0,0,0
1601712022015,11302,localhost CPU,,,,,true,,0,0,0,0,null,,0,ISO-8859-1,1,0,DESKTOP-JHIFNH0,0,0
1601712022015,0,localhost Disks I/O,,,,,true,,0,0,0,0,null,,0,ISO-8859-1,1,0,DESKTOP-JHIFNH0,0,0
1601712023016,61413,localhost Memory,,,,,true,,0,0,0,0,null,,0,ISO-8859-1,1,0,DESKTOP-JHIFNH0,0,0
1601712023016,12500,localhost CPU,,,,,true,,0,0,0,0,null,,0,ISO-8859-1,1,0,DESKTOP-JHIFNH0,0,0
1601712023016,3000,localhost Disks I/O,,,,,true,,0,0,0,0,null,,0,ISO-8859-1,1,0,DESKTOP-JHIFNH0,0,0
1601712024016,61409,localhost Memory,,,,,true,,0,0,0,0,null,,0,ISO-8859-1,1,0,DESKTOP-JHIFNH0,0,0
1601712024016,9352,localhost CPU,,,,,true,,0,0,0,0,null,,0,ISO-8859-1,1,0,DESKTOP-JHIFNH0,0,0
1601712024016,0,localhost Disks I/O,,,,,true,,0,0,0,0,null,,0,ISO-8859-1,1,0,DESKTOP-JHIFNH0,0,0
1601712025016,61406,localhost Memory,,,,,true,,0,0,0,0,null,,0,ISO-8859-1,1,0,DESKTOP-JHIFNH0,0,0
1601712025016,11700,localhost CPU,,,,,true,,0,0,0,0,null,,0,ISO-8859-1,1,0,DESKTOP-JHIFNH0,0,0
1601712025016,0,localhost Disks I/O,,,,,true,,0,0,0,0,null,,0,ISO-8859-1,1,0,DESKTOP-JHIFNH0,0,0
1601712026016,61408,localhost Memory,,,,,true,,0,0,0,0,null,,0,ISO-8859-1,1,0,DESKTOP-JHIFNH0,0,0
1601712026016,13743,localhost CPU,,,,,true,,0,0,0,0,null,,0,ISO-8859-1,1,0,DESKTOP-JHIFNH0,0,0
1601712026016,0,localhost Disks I/O,,,,,true,,0,0,0,0,null,,0,ISO-8859-1,1,0,DESKTOP-JHIFNH0,0,0
1601712027016,61413,localhost Memory,,,,,true,,0,0,0,0,null,,0,ISO-8859-1,1,0,DESKTOP-JHIFNH0,0,0
1601712027016,8931,localhost CPU,,,,,true,,0,0,0,0,null,,0,ISO-8859-1,1,0,DESKTOP-JHIFNH0,0,0
1601712027016,0,localhost Disks I/O,,,,,true,,0,0,0,0,null,,0,ISO-8859-1,1,0,DESKTOP-JHIFNH0,0,0
1601712028017,61425,localhost Memory,,,,,true,,0,0,0,0,null,,0,ISO-8859-1,1,0,DESKTOP-JHIFNH0,0,0
1601712028018,10569,localhost CPU,,,,,true,,0,0,0,0,null,,0,ISO-8859-1,1,0,DESKTOP-JHIFNH0,0,0
1601712028018,1000,localhost Disks I/O,,,,,true,,0,0,0,0,null,,0,ISO-8859-1,1,0,DESKTOP-JHIFNH0,0,0
1601712029018,61409,localhost Memory,,,,,true,,0,0,0,0,null,,0,ISO-8859-1,1,0,DESKTOP-JHIFNH0,0,0
1601712029018,10092,localhost CPU,,,,,true,,0,0,0,0,null,,0,ISO-8859-1,1,0,DESKTOP-JHIFNH0,0,0
1601712029018,0,localhost Disks I/O,,,,,true,,0,0,0,0,null,,0,ISO-8859-1,1,0,DESKTOP-JHIFNH0,0,0
1601712030019,61396,localhost Memory,,,,,true,,0,0,0,0,null,,0,ISO-8859-1,1,0,DESKTOP-JHIFNH0,0,0
1601712030019,11766,localhost CPU,,,,,true,,0,0,0,0,null,,0,ISO-8859-1,1,0,DESKTOP-JHIFNH0,0,0
1601712030019,0,localhost Disks I/O,,,,,true,,0,0,0,0,null,,0,ISO-8859-1,1,0,DESKTOP-JHIFNH0,0,0
1601712031020,61395,localhost Memory,,,,,true,,0,0,0,0,null,,0,ISO-8859-1,1,0,DESKTOP-JHIFNH0,0,0
1601712031020,15628,localhost CPU,,,,,true,,0,0,0,0,null,,0,ISO-8859-1,1,0,DESKTOP-JHIFNH0,0,0
1601712031020,0,localhost Disks I/O,,,,,true,,0,0,0,0,null,,0,ISO-8859-1,1,0,DESKTOP-JHIFNH0,0,0
1601712032020,61377,localhost Memory,,,,,true,,0,0,0,0,null,,0,ISO-8859-1,1,0,DESKTOP-JHIFNH0,0,0
1601712032020,16000,localhost CPU,,,,,true,,0,0,0,0,null,,0,ISO-8859-1,1,0,DESKTOP-JHIFNH0,0,0
1601712032020,0,localhost Disks I/O,,,,,true,,0,0,0,0,null,,0,ISO-8859-1,1,0,DESKTOP-JHIFNH0,0,0
1601712033021,61375,localhost Memory,,,,,true,,0,0,0,0,null,,0,ISO-8859-1,1,0,DESKTOP-JHIFNH0,0,0
1601712033021,9729,localhost CPU,,,,,true,,0,0,0,0,null,,0,ISO-8859-1,1,0,DESKTOP-JHIFNH0,0,0
1601712033021,0,localhost Disks I/O,,,,,true,,0,0,0,0,null,,0,ISO-8859-1,1,0,DESKTOP-JHIFNH0,0,0
1601712034021,61349,localhost Memory,,,,,true,,0,0,0,0,null,,0,ISO-8859-1,1,0,DESKTOP-JHIFNH0,0,0
1601712034021,18439,localhost CPU,,,,,true,,0,0,0,0,null,,0,ISO-8859-1,1,0,DESKTOP-JHIFNH0,0,0
1601712034021,0,localhost Disks I/O,,,,,true,,0,0,0,0,null,,0,ISO-8859-1,1,0,DESKTOP-JHIFNH0,0,0
1601712035021,61349,localhost Memory,,,,,true,,0,0,0,0,null,,0,ISO-8859-1,1,0,DESKTOP-JHIFNH0,0,0
1601712035021,10488,localhost CPU,,,,,true,,0,0,0,0,null,,0,ISO-8859-1,1,0,DESKTOP-JHIFNH0,0,0
1601712035021,0,localhost Disks I/O,,,,,true,,0,0,0,0,null,,0,ISO-8859-1,1,0,DESKTOP-JHIFNH0,0,0
1601712036021,61341,localhost Memory,,,,,true,,0,0,0,0,null,,0,ISO-8859-1,1,0,DESKTOP-JHIFNH0,0,0
1601712036021,9713,localhost CPU,,,,,true,,0,0,0,0,null,,0,ISO-8859-1,1,0,DESKTOP-JHIFNH0,0,0
1601712036021,0,localhost Disks I/O,,,,,true,,0,0,0,0,null,,0,ISO-8859-1,1,0,DESKTOP-JHIFNH0,0,0
1601712037021,61329,localhost Memory,,,,,true,,0,0,0,0,null,,0,ISO-8859-1,1,0,DESKTOP-JHIFNH0,0,0
1601712037021,11678,localhost CPU,,,,,true,,0,0,0,0,null,,0,ISO-8859-1,1,0,DESKTOP-JHIFNH0,0,0
1601712037021,0,localhost Disks I/O,,,,,true,,0,0,0,0,null,,0,ISO-8859-1,1,0,DESKTOP-JHIFNH0,0,0
1601712038021,61328,localhost Memory,,,,,true,,0,0,0,0,null,,0,ISO-8859-1,1,0,DESKTOP-JHIFNH0,0,0
1601712038021,11656,localhost CPU,,,,,true,,0,0,0,0,null,,0,ISO-8859-1,1,0,DESKTOP-JHIFNH0,0,0
1601712038021,0,localhost Disks I/O,,,,,true,,0,0,0,0,null,,0,ISO-8859-1,1,0,DESKTOP-JHIFNH0,0,0
1601712039021,61072,localhost Memory,,,,,true,,0,0,0,0,null,,0,ISO-8859-1,1,0,DESKTOP-JHIFNH0,0,0
1601712039021,22614,localhost CPU,,,,,true,,0,0,0,0,null,,0,ISO-8859-1,1,0,DESKTOP-JHIFNH0,0,0
1601712039021,0,localhost Disks I/O,,,,,true,,0,0,0,0,null,,0,ISO-8859-1,1,0,DESKTOP-JHIFNH0,0,0
1601712040022,60835,localhost Memory,,,,,true,,0,0,0,0,null,,0,ISO-8859-1,1,0,DESKTOP-JHIFNH0,0,0
1601712040022,14482,localhost CPU,,,,,true,,0,0,0,0,null,,0,ISO-8859-1,1,0,DESKTOP-JHIFNH0,0,0
1601712040022,0,localhost Disks I/O,,,,,true,,0,0,0,0,null,,0,ISO-8859-1,1,0,DESKTOP-JHIFNH0,0,0
1601712041023,60839,localhost Memory,,,,,true,,0,0,0,0,null,,0,ISO-8859-1,1,0,DESKTOP-JHIFNH0,0,0
1601712041023,10131,localhost CPU,,,,,true,,0,0,0,0,null,,0,ISO-8859-1,1,0,DESKTOP-JHIFNH0,0,0
1601712041023,0,localhost Disks I/O,,,,,true,,0,0,0,0,null,,0,ISO-8859-1,1,0,DESKTOP-JHIFNH0,0,0
1601712042023,60838,localhost Memory,,,,,true,,0,0,0,0,null,,0,ISO-8859-1,1,0,DESKTOP-JHIFNH0,0,0
1601712042023,11915,localhost CPU,,,,,true,,0,0,0,0,null,,0,ISO-8859-1,1,0,DESKTOP-JHIFNH0,0,0
1601712042023,0,localhost Disks I/O,,,,,true,,0,0,0,0,null,,0,ISO-8859-1,1,0,DESKTOP-JHIFNH0,0,0
1601712043024,60835,localhost Memory,,,,,true,,0,0,0,0,null,,0,ISO-8859-1,1,0,DESKTOP-JHIFNH0,0,0
1601712043024,9471,localhost CPU,,,,,true,,0,0,0,0,null,,0,ISO-8859-1,1,0,DESKTOP-JHIFNH0,0,0
1601712043024,0,localhost Disks I/O,,,,,true,,0,0,0,0,null,,0,ISO-8859-1,1,0,DESKTOP-JHIFNH0,0,0
1601712044024,60831,localhost Memory,,,,,true,,0,0,0,0,null,,0,ISO-8859-1,1,0,DESKTOP-JHIFNH0,0,0
1601712044024,8609,localhost CPU,,,,,true,,0,0,0,0,null,,0,ISO-8859-1,1,0,DESKTOP-JHIFNH0,0,0
1601712044024,0,localhost Disks I/O,,,,,true,,0,0,0,0,null,,0,ISO-8859-1,1,0,DESKTOP-JHIFNH0,0,0
1601712045025,60824,localhost Memory,,,,,true,,0,0,0,0,null,,0,ISO-8859-1,1,0,DESKTOP-JHIFNH0,0,0
1601712045025,12713,localhost CPU,,,,,true,,0,0,0,0,null,,0,ISO-8859-1,1,0,DESKTOP-JHIFNH0,0,0
1601712045025,0,localhost Disks I/O,,,,,true,,0,0,0,0,null,,0,ISO-8859-1,1,0,DESKTOP-JHIFNH0,0,0
1601712046025,60819,localhost Memory,,,,,true,,0,0,0,0,null,,0,ISO-8859-1,1,0,DESKTOP-JHIFNH0,0,0
1601712046025,10969,localhost CPU,,,,,true,,0,0,0,0,null,,0,ISO-8859-1,1,0,DESKTOP-JHIFNH0,0,0
1601712046025,0,localhost Disks I/O,,,,,true,,0,0,0,0,null,,0,ISO-8859-1,1,0,DESKTOP-JHIFNH0,0,0
1601712047025,60815,localhost Memory,,,,,true,,0,0,0,0,null,,0,ISO-8859-1,1,0,DESKTOP-JHIFNH0,0,0
1601712047026,11367,localhost CPU,,,,,true,,0,0,0,0,null,,0,ISO-8859-1,1,0,DESKTOP-JHIFNH0,0,0
1601712047026,0,localhost Disks I/O,,,,,true,,0,0,0,0,null,,0,ISO-8859-1,1,0,DESKTOP-JHIFNH0,0,0
1601712048027,60810,localhost Memory,,,,,true,,0,0,0,0,null,,0,ISO-8859-1,1,0,DESKTOP-JHIFNH0,0,0
1601712048028,12425,localhost CPU,,,,,true,,0,0,0,0,null,,0,ISO-8859-1,1,0,DESKTOP-JHIFNH0,0,0
1601712048028,1000,localhost Disks I/O,,,,,true,,0,0,0,0,null,,0,ISO-8859-1,1,0,DESKTOP-JHIFNH0,0,0
1601712049028,60805,localhost Memory,,,,,true,,0,0,0,0,null,,0,ISO-8859-1,1,0,DESKTOP-JHIFNH0,0,0
1601712049028,10991,localhost CPU,,,,,true,,0,0,0,0,null,,0,ISO-8859-1,1,0,DESKTOP-JHIFNH0,0,0
1601712049028,0,localhost Disks I/O,,,,,true,,0,0,0,0,null,,0,ISO-8859-1,1,0,DESKTOP-JHIFNH0,0,0
1601712050029,60801,localhost Memory,,,,,true,,0,0,0,0,null,,0,ISO-8859-1,1,0,DESKTOP-JHIFNH0,0,0
1601712050029,11702,localhost CPU,,,,,true,,0,0,0,0,null,,0,ISO-8859-1,1,0,DESKTOP-JHIFNH0,0,0
1601712050029,0,localhost Disks I/O,,,,,true,,0,0,0,0,null,,0,ISO-8859-1,1,0,DESKTOP-JHIFNH0,0,0
1601712051029,60796,localhost Memory,,,,,true,,0,0,0,0,null,,0,ISO-8859-1,1,0,DESKTOP-JHIFNH0,0,0
1601712051029,14850,localhost CPU,,,,,true,,0,0,0,0,null,,0,ISO-8859-1,1,0,DESKTOP-JHIFNH0,0,0
1601712051029,0,localhost Disks I/O,,,,,true,,0,0,0,0,null,,0,ISO-8859-1,1,0,DESKTOP-JHIFNH0,0,0
1601712052029,60790,localhost Memory,,,,,true,,0,0,0,0,null,,0,ISO-8859-1,1,0,DESKTOP-JHIFNH0,0,0
1601712052030,12878,localhost CPU,,,,,true,,0,0,0,0,null,,0,ISO-8859-1,1,0,DESKTOP-JHIFNH0,0,0
1601712052030,0,localhost Disks I/O,,,,,true,,0,0,0,0,null,,0,ISO-8859-1,1,0,DESKTOP-JHIFNH0,0,0
1601712053031,60789,localhost Memory,,,,,true,,0,0,0,0,null,,0,ISO-8859-1,1,0,DESKTOP-JHIFNH0,0,0
1601712053031,10592,localhost CPU,,,,,true,,0,0,0,0,null,,0,ISO-8859-1,1,0,DESKTOP-JHIFNH0,0,0
1601712053031,0,localhost Disks I/O,,,,,true,,0,0,0,0,null,,0,ISO-8859-1,1,0,DESKTOP-JHIFNH0,0,0
1601712054032,60784,localhost Memory,,,,,true,,0,0,0,0,null,,0,ISO-8859-1,1,0,DESKTOP-JHIFNH0,0,0
1601712054032,15520,localhost CPU,,,,,true,,0,0,0,0,null,,0,ISO-8859-1,1,0,DESKTOP-JHIFNH0,0,0
1601712054032,0,localhost Disks I/O,,,,,true,,0,0,0,0,null,,0,ISO-8859-1,1,0,DESKTOP-JHIFNH0,0,0
1601712055032,60780,localhost Memory,,,,,true,,0,0,0,0,null,,0,ISO-8859-1,1,0,DESKTOP-JHIFNH0,0,0
1601712055032,14388,localhost CPU,,,,,true,,0,0,0,0,null,,0,ISO-8859-1,1,0,DESKTOP-JHIFNH0,0,0
1601712055032,0,localhost Disks I/O,,,,,true,,0,0,0,0,null,,0,ISO-8859-1,1,0,DESKTOP-JHIFNH0,0,0
1601712056032,60776,localhost Memory,,,,,true,,0,0,0,0,null,,0,ISO-8859-1,1,0,DESKTOP-JHIFNH0,0,0
1601712056032,10522,localhost CPU,,,,,true,,0,0,0,0,null,,0,ISO-8859-1,1,0,DESKTOP-JHIFNH0,0,0
1601712056032,0,localhost Disks I/O,,,,,true,,0,0,0,0,null,,0,ISO-8859-1,1,0,DESKTOP-JHIFNH0,0,0
1601712057033,60772,localhost Memory,,,,,true,,0,0,0,0,null,,0,ISO-8859-1,1,0,DESKTOP-JHIFNH0,0,0
1601712057033,10927,localhost CPU,,,,,true,,0,0,0,0,null,,0,ISO-8859-1,1,0,DESKTOP-JHIFNH0,0,0
1601712057033,0,localhost Disks I/O,,,,,true,,0,0,0,0,null,,0,ISO-8859-1,1,0,DESKTOP-JHIFNH0,0,0
1601712058034,60766,localhost Memory,,,,,true,,0,0,0,0,null,,0,ISO-8859-1,1,0,DESKTOP-JHIFNH0,0,0
1601712058034,10947,localhost CPU,,,,,true,,0,0,0,0,null,,0,ISO-8859-1,1,0,DESKTOP-JHIFNH0,0,0
1601712058034,0,localhost Disks I/O,,,,,true,,0,0,0,0,null,,0,ISO-8859-1,1,0,DESKTOP-JHIFNH0,0,0
1601712059035,60758,localhost Memory,,,,,true,,0,0,0,0,null,,0,ISO-8859-1,1,0,DESKTOP-JHIFNH0,0,0
1601712059035,19078,localhost CPU,,,,,true,,0,0,0,0,null,,0,ISO-8859-1,1,0,DESKTOP-JHIFNH0,0,0
1601712059035,1000,localhost Disks I/O,,,,,true,,0,0,0,0,null,,0,ISO-8859-1,1,0,DESKTOP-JHIFNH0,0,0
1601712060038,60810,localhost Memory,,,,,true,,0,0,0,0,null,,0,ISO-8859-1,1,0,DESKTOP-JHIFNH0,0,0
1601712060038,18729,localhost CPU,,,,,true,,0,0,0,0,null,,0,ISO-8859-1,1,0,DESKTOP-JHIFNH0,0,0
1601712060038,0,localhost Disks I/O,,,,,true,,0,0,0,0,null,,0,ISO-8859-1,1,0,DESKTOP-JHIFNH0,0,0
1601712061038,60806,localhost Memory,,,,,true,,0,0,0,0,null,,0,ISO-8859-1,1,0,DESKTOP-JHIFNH0,0,0
1601712061038,14377,localhost CPU,,,,,true,,0,0,0,0,null,,0,ISO-8859-1,1,0,DESKTOP-JHIFNH0,0,0
1601712061039,0,localhost Disks I/O,,,,,true,,0,0,0,0,null,,0,ISO-8859-1,1,0,DESKTOP-JHIFNH0,0,0
1601712062040,60810,localhost Memory,,,,,true,,0,0,0,0,null,,0,ISO-8859-1,1,0,DESKTOP-JHIFNH0,0,0
1601712062041,13958,localhost CPU,,,,,true,,0,0,0,0,null,,0,ISO-8859-1,1,0,DESKTOP-JHIFNH0,0,0
1601712062041,0,localhost Disks I/O,,,,,true,,0,0,0,0,null,,0,ISO-8859-1,1,0,DESKTOP-JHIFNH0,0,0
1601712063041,60794,localhost Memory,,,,,true,,0,0,0,0,null,,0,ISO-8859-1,1,0,DESKTOP-JHIFNH0,0,0
1601712063042,13696,localhost CPU,,,,,true,,0,0,0,0,null,,0,ISO-8859-1,1,0,DESKTOP-JHIFNH0,0,0
1601712063042,0,localhost Disks I/O,,,,,true,,0,0,0,0,null,,0,ISO-8859-1,1,0,DESKTOP-JHIFNH0,0,0
1601712064042,60785,localhost Memory,,,,,true,,0,0,0,0,null,,0,ISO-8859-1,1,0,DESKTOP-JHIFNH0,0,0
1601712064042,13271,localhost CPU,,,,,true,,0,0,0,0,null,,0,ISO-8859-1,1,0,DESKTOP-JHIFNH0,0,0
1601712064042,0,localhost Disks I/O,,,,,true,,0,0,0,0,null,,0,ISO-8859-1,1,0,DESKTOP-JHIFNH0,0,0
1601712065042,60780,localhost Memory,,,,,true,,0,0,0,0,null,,0,ISO-8859-1,1,0,DESKTOP-JHIFNH0,0,0
1601712065042,14432,localhost CPU,,,,,true,,0,0,0,0,null,,0,ISO-8859-1,1,0,DESKTOP-JHIFNH0,0,0
1601712065042,0,localhost Disks I/O,,,,,true,,0,0,0,0,null,,0,ISO-8859-1,1,0,DESKTOP-JHIFNH0,0,0
1601712066043,60777,localhost Memory,,,,,true,,0,0,0,0,null,,0,ISO-8859-1,1,0,DESKTOP-JHIFNH0,0,0
1601712066043,13315,localhost CPU,,,,,true,,0,0,0,0,null,,0,ISO-8859-1,1,0,DESKTOP-JHIFNH0,0,0
1601712066043,0,localhost Disks I/O,,,,,true,,0,0,0,0,null,,0,ISO-8859-1,1,0,DESKTOP-JHIFNH0,0,0
1601712067044,60773,localhost Memory,,,,,true,,0,0,0,0,null,,0,ISO-8859-1,1,0,DESKTOP-JHIFNH0,0,0
1601712067044,16387,localhost CPU,,,,,true,,0,0,0,0,null,,0,ISO-8859-1,1,0,DESKTOP-JHIFNH0,0,0
1601712067044,0,localhost Disks I/O,,,,,true,,0,0,0,0,null,,0,ISO-8859-1,1,0,DESKTOP-JHIFNH0,0,0
1601712068044,60767,localhost Memory,,,,,true,,0,0,0,0,null,,0,ISO-8859-1,1,0,DESKTOP-JHIFNH0,0,0
1601712068044,18745,localhost CPU,,,,,true,,0,0,0,0,null,,0,ISO-8859-1,1,0,DESKTOP-JHIFNH0,0,0
1601712068044,0,localhost Disks I/O,,,,,true,,0,0,0,0,null,,0,ISO-8859-1,1,0,DESKTOP-JHIFNH0,0,0
1601712069045,60773,localhost Memory,,,,,true,,0,0,0,0,null,,0,ISO-8859-1,1,0,DESKTOP-JHIFNH0,0,0
1601712069045,12848,localhost CPU,,,,,true,,0,0,0,0,null,,0,ISO-8859-1,1,0,DESKTOP-JHIFNH0,0,0
1601712069045,0,localhost Disks I/O,,,,,true,,0,0,0,0,null,,0,ISO-8859-1,1,0,DESKTOP-JHIFNH0,0,0
1601712070045,60754,localhost Memory,,,,,true,,0,0,0,0,null,,0,ISO-8859-1,1,0,DESKTOP-JHIFNH0,0,0
1601712070045,12848,localhost CPU,,,,,true,,0,0,0,0,null,,0,ISO-8859-1,1,0,DESKTOP-JHIFNH0,0,0
1601712070045,0,localhost Disks I/O,,,,,true,,0,0,0,0,null,,0,ISO-8859-1,1,0,DESKTOP-JHIFNH0,0,0
1601712071046,60747,localhost Memory,,,,,true,,0,0,0,0,null,,0,ISO-8859-1,1,0,DESKTOP-JHIFNH0,0,0
1601712071046,29843,localhost CPU,,,,,true,,0,0,0,0,null,,0,ISO-8859-1,1,0,DESKTOP-JHIFNH0,0,0
1601712071046,0,localhost Disks I/O,,,,,true,,0,0,0,0,null,,0,ISO-8859-1,1,0,DESKTOP-JHIFNH0,0,0
1601712072046,60747,localhost Memory,,,,,true,,0,0,0,0,null,,0,ISO-8859-1,1,0,DESKTOP-JHIFNH0,0,0
1601712072046,35525,localhost CPU,,,,,true,,0,0,0,0,null,,0,ISO-8859-1,1,0,DESKTOP-JHIFNH0,0,0
1601712072046,1000,localhost Disks I/O,,,,,true,,0,0,0,0,null,,0,ISO-8859-1,1,0,DESKTOP-JHIFNH0,0,0
1601712073047,60755,localhost Memory,,,,,true,,0,0,0,0,null,,0,ISO-8859-1,1,0,DESKTOP-JHIFNH0,0,0
1601712073047,14853,localhost CPU,,,,,true,,0,0,0,0,null,,0,ISO-8859-1,1,0,DESKTOP-JHIFNH0,0,0
1601712073047,0,localhost Disks I/O,,,,,true,,0,0,0,0,null,,0,ISO-8859-1,1,0,DESKTOP-JHIFNH0,0,0
1601712074048,60753,localhost Memory,,,,,true,,0,0,0,0,null,,0,ISO-8859-1,1,0,DESKTOP-JHIFNH0,0,0
1601712074048,10149,localhost CPU,,,,,true,,0,0,0,0,null,,0,ISO-8859-1,1,0,DESKTOP-JHIFNH0,0,0
1601712074048,0,localhost Disks I/O,,,,,true,,0,0,0,0,null,,0,ISO-8859-1,1,0,DESKTOP-JHIFNH0,0,0
1601712075049,60748,localhost Memory,,,,,true,,0,0,0,0,null,,0,ISO-8859-1,1,0,DESKTOP-JHIFNH0,0,0
1601712075049,12870,localhost CPU,,,,,true,,0,0,0,0,null,,0,ISO-8859-1,1,0,DESKTOP-JHIFNH0,0,0
1601712075050,0,localhost Disks I/O,,,,,true,,0,0,0,0,null,,0,ISO-8859-1,1,0,DESKTOP-JHIFNH0,0,0
1601712076050,60792,localhost Memory,,,,,true,,0,0,0,0,null,,0,ISO-8859-1,1,0,DESKTOP-JHIFNH0,0,0
1601712076050,12379,localhost CPU,,,,,true,,0,0,0,0,null,,0,ISO-8859-1,1,0,DESKTOP-JHIFNH0,0,0
1601712076050,0,localhost Disks I/O,,,,,true,,0,0,0,0,null,,0,ISO-8859-1,1,0,DESKTOP-JHIFNH0,0,0
1601712077051,60765,localhost Memory,,,,,true,,0,0,0,0,null,,0,ISO-8859-1,1,0,DESKTOP-JHIFNH0,0,0
1601712077051,10947,localhost CPU,,,,,true,,0,0,0,0,null,,0,ISO-8859-1,1,0,DESKTOP-JHIFNH0,0,0
1601712077051,0,localhost Disks I/O,,,,,true,,0,0,0,0,null,,0,ISO-8859-1,1,0,DESKTOP-JHIFNH0,0,0
1601712078052,60816,localhost Memory,,,,,true,,0,0,0,0,null,,0,ISO-8859-1,1,0,DESKTOP-JHIFNH0,0,0
1601712078052,13278,localhost CPU,,,,,true,,0,0,0,0,null,,0,ISO-8859-1,1,0,DESKTOP-JHIFNH0,0,0
1601712078052,1000,localhost Disks I/O,,,,,true,,0,0,0,0,null,,0,ISO-8859-1,1,0,DESKTOP-JHIFNH0,0,0
1601712079053,60859,localhost Memory,,,,,true,,0,0,0,0,null,,0,ISO-8859-1,1,0,DESKTOP-JHIFNH0,0,0
1601712079053,12081,localhost CPU,,,,,true,,0,0,0,0,null,,0,ISO-8859-1,1,0,DESKTOP-JHIFNH0,0,0
1601712079053,0,localhost Disks I/O,,,,,true,,0,0,0,0,null,,0,ISO-8859-1,1,0,DESKTOP-JHIFNH0,0,0
1601712080053,60857,localhost Memory,,,,,true,,0,0,0,0,null,,0,ISO-8859-1,1,0,DESKTOP-JHIFNH0,0,0
1601712080053,12867,localhost CPU,,,,,true,,0,0,0,0,null,,0,ISO-8859-1,1,0,DESKTOP-JHIFNH0,0,0
1601712080053,0,localhost Disks I/O,,,,,true,,0,0,0,0,null,,0,ISO-8859-1,1,0,DESKTOP-JHIFNH0,0,0
1601712081055,60856,localhost Memory,,,,,true,,0,0,0,0,null,,0,ISO-8859-1,1,0,DESKTOP-JHIFNH0,0,0
1601712081055,11678,localhost CPU,,,,,true,,0,0,0,0,null,,0,ISO-8859-1,1,0,DESKTOP-JHIFNH0,0,0
1601712081055,0,localhost Disks I/O,,,,,true,,0,0,0,0,null,,0,ISO-8859-1,1,0,DESKTOP-JHIFNH0,0,0
1601712082055,60849,localhost Memory,,,,,true,,0,0,0,0,null,,0,ISO-8859-1,1,0,DESKTOP-JHIFNH0,0,0
1601712082055,16004,localhost CPU,,,,,true,,0,0,0,0,null,,0,ISO-8859-1,1,0,DESKTOP-JHIFNH0,0,0
1601712082055,0,localhost Disks I/O,,,,,true,,0,0,0,0,null,,0,ISO-8859-1,1,0,DESKTOP-JHIFNH0,0,0
1601712083055,60846,localhost Memory,,,,,true,,0,0,0,0,null,,0,ISO-8859-1,1,0,DESKTOP-JHIFNH0,0,0
1601712083055,16804,localhost CPU,,,,,true,,0,0,0,0,null,,0,ISO-8859-1,1,0,DESKTOP-JHIFNH0,0,0
1601712083055,0,localhost Disks I/O,,,,,true,,0,0,0,0,null,,0,ISO-8859-1,1,0,DESKTOP-JHIFNH0,0,0
1601712084056,60841,localhost Memory,,,,,true,,0,0,0,0,null,,0,ISO-8859-1,1,0,DESKTOP-JHIFNH0,0,0
1601712084056,12143,localhost CPU,,,,,true,,0,0,0,0,null,,0,ISO-8859-1,1,0,DESKTOP-JHIFNH0,0,0
1601712084056,0,localhost Disks I/O,,,,,true,,0,0,0,0,null,,0,ISO-8859-1,1,0,DESKTOP-JHIFNH0,0,0
1601712085057,60843,localhost Memory,,,,,true,,0,0,0,0,null,,0,ISO-8859-1,1,0,DESKTOP-JHIFNH0,0,0
1601712085057,12754,localhost CPU,,,,,true,,0,0,0,0,null,,0,ISO-8859-1,1,0,DESKTOP-JHIFNH0,0,0
1601712085057,0,localhost Disks I/O,,,,,true,,0,0,0,0,null,,0,ISO-8859-1,1,0,DESKTOP-JHIFNH0,0,0
1601712086057,60834,localhost Memory,,,,,true,,0,0,0,0,null,,0,ISO-8859-1,1,0,DESKTOP-JHIFNH0,0,0
1601712086057,18459,localhost CPU,,,,,true,,0,0,0,0,null,,0,ISO-8859-1,1,0,DESKTOP-JHIFNH0,0,0
1601712086057,0,localhost Disks I/O,,,,,true,,0,0,0,0,null,,0,ISO-8859-1,1,0,DESKTOP-JHIFNH0,0,0
1601712087058,60837,localhost Memory,,,,,true,,0,0,0,0,null,,0,ISO-8859-1,1,0,DESKTOP-JHIFNH0,0,0
1601712087058,11571,localhost CPU,,,,,true,,0,0,0,0,null,,0,ISO-8859-1,1,0,DESKTOP-JHIFNH0,0,0
1601712087058,0,localhost Disks I/O,,,,,true,,0,0,0,0,null,,0,ISO-8859-1,1,0,DESKTOP-JHIFNH0,0,0
1601712088058,60833,localhost Memory,,,,,true,,0,0,0,0,null,,0,ISO-8859-1,1,0,DESKTOP-JHIFNH0,0,0
1601712088058,12471,localhost CPU,,,,,true,,0,0,0,0,null,,0,ISO-8859-1,1,0,DESKTOP-JHIFNH0,0,0
1601712088058,0,localhost Disks I/O,,,,,true,,0,0,0,0,null,,0,ISO-8859-1,1,0,DESKTOP-JHIFNH0,0,0
1601712089058,60818,localhost Memory,,,,,true,,0,0,0,0,null,,0,ISO-8859-1,1,0,DESKTOP-JHIFNH0,0,0
1601712089058,12568,localhost CPU,,,,,true,,0,0,0,0,null,,0,ISO-8859-1,1,0,DESKTOP-JHIFNH0,0,0
1601712089058,0,localhost Disks I/O,,,,,true,,0,0,0,0,null,,0,ISO-8859-1,1,0,DESKTOP-JHIFNH0,0,0
1601712090058,60812,localhost Memory,,,,,true,,0,0,0,0,null,,0,ISO-8859-1,1,0,DESKTOP-JHIFNH0,0,0
1601712090058,13548,localhost CPU,,,,,true,,0,0,0,0,null,,0,ISO-8859-1,1,0,DESKTOP-JHIFNH0,0,0
1601712090058,0,localhost Disks I/O,,,,,true,,0,0,0,0,null,,0,ISO-8859-1,1,0,DESKTOP-JHIFNH0,0,0
1601712091059,60808,localhost Memory,,,,,true,,0,0,0,0,null,,0,ISO-8859-1,1,0,DESKTOP-JHIFNH0,0,0
1601712091059,15608,localhost CPU,,,,,true,,0,0,0,0,null,,0,ISO-8859-1,1,0,DESKTOP-JHIFNH0,0,0
1601712091059,0,localhost Disks I/O,,,,,true,,0,0,0,0,null,,0,ISO-8859-1,1,0,DESKTOP-JHIFNH0,0,0
1601712092059,60802,localhost Memory,,,,,true,,0,0,0,0,null,,0,ISO-8859-1,1,0,DESKTOP-JHIFNH0,0,0
1601712092059,14385,localhost CPU,,,,,true,,0,0,0,0,null,,0,ISO-8859-1,1,0,DESKTOP-JHIFNH0,0,0
1601712092060,0,localhost Disks I/O,,,,,true,,0,0,0,0,null,,0,ISO-8859-1,1,0,DESKTOP-JHIFNH0,0,0
1601712093060,60793,localhost Memory,,,,,true,,0,0,0,0,null,,0,ISO-8859-1,1,0,DESKTOP-JHIFNH0,0,0
1601712093061,11347,localhost CPU,,,,,true,,0,0,0,0,null,,0,ISO-8859-1,1,0,DESKTOP-JHIFNH0,0,0
1601712093061,0,localhost Disks I/O,,,,,true,,0,0,0,0,null,,0,ISO-8859-1,1,0,DESKTOP-JHIFNH0,0,0
1601712094061,60790,localhost Memory,,,,,true,,0,0,0,0,null,,0,ISO-8859-1,1,0,DESKTOP-JHIFNH0,0,0
1601712094062,11301,localhost CPU,,,,,true,,0,0,0,0,null,,0,ISO-8859-1,1,0,DESKTOP-JHIFNH0,0,0
1601712094062,0,localhost Disks I/O,,,,,true,,0,0,0,0,null,,0,ISO-8859-1,1,0,DESKTOP-JHIFNH0,0,0
1601712095063,60791,localhost Memory,,,,,true,,0,0,0,0,null,,0,ISO-8859-1,1,0,DESKTOP-JHIFNH0,0,0
1601712095063,11725,localhost CPU,,,,,true,,0,0,0,0,null,,0,ISO-8859-1,1,0,DESKTOP-JHIFNH0,0,0
1601712095063,0,localhost Disks I/O,,,,,true,,0,0,0,0,null,,0,ISO-8859-1,1,0,DESKTOP-JHIFNH0,0,0
1601712096063,60785,localhost Memory,,,,,true,,0,0,0,0,null,,0,ISO-8859-1,1,0,DESKTOP-JHIFNH0,0,0
1601712096063,13997,localhost CPU,,,,,true,,0,0,0,0,null,,0,ISO-8859-1,1,0,DESKTOP-JHIFNH0,0,0
1601712096063,0,localhost Disks I/O,,,,,true,,0,0,0,0,null,,0,ISO-8859-1,1,0,DESKTOP-JHIFNH0,0,0
1601712097064,60782,localhost Memory,,,,,true,,0,0,0,0,null,,0,ISO-8859-1,1,0,DESKTOP-JHIFNH0,0,0
1601712097064,12081,localhost CPU,,,,,true,,0,0,0,0,null,,0,ISO-8859-1,1,0,DESKTOP-JHIFNH0,0,0
1601712097064,0,localhost Disks I/O,,,,,true,,0,0,0,0,null,,0,ISO-8859-1,1,0,DESKTOP-JHIFNH0,0,0
1601712098064,60774,localhost Memory,,,,,true,,0,0,0,0,null,,0,ISO-8859-1,1,0,DESKTOP-JHIFNH0,0,0
1601712098064,15288,localhost CPU,,,,,true,,0,0,0,0,null,,0,ISO-8859-1,1,0,DESKTOP-JHIFNH0,0,0
1601712098064,0,localhost Disks I/O,,,,,true,,0,0,0,0,null,,0,ISO-8859-1,1,0,DESKTOP-JHIFNH0,0,0
1601712099065,60785,localhost Memory,,,,,true,,0,0,0,0,null,,0,ISO-8859-1,1,0,DESKTOP-JHIFNH0,0,0
1601712099065,12075,localhost CPU,,,,,true,,0,0,0,0,null,,0,ISO-8859-1,1,0,DESKTOP-JHIFNH0,0,0
1601712099065,0,localhost Disks I/O,,,,,true,,0,0,0,0,null,,0,ISO-8859-1,1,0,DESKTOP-JHIFNH0,0,0
1601712100066,60773,localhost Memory,,,,,true,,0,0,0,0,null,,0,ISO-8859-1,1,0,DESKTOP-JHIFNH0,0,0
1601712100066,10886,localhost CPU,,,,,true,,0,0,0,0,null,,0,ISO-8859-1,1,0,DESKTOP-JHIFNH0,0,0
1601712100066,0,localhost Disks I/O,,,,,true,,0,0,0,0,null,,0,ISO-8859-1,1,0,DESKTOP-JHIFNH0,0,0
1601712101067,60776,localhost Memory,,,,,true,,0,0,0,0,null,,0,ISO-8859-1,1,0,DESKTOP-JHIFNH0,0,0
1601712101067,10550,localhost CPU,,,,,true,,0,0,0,0,null,,0,ISO-8859-1,1,0,DESKTOP-JHIFNH0,0,0
1601712101067,0,localhost Disks I/O,,,,,true,,0,0,0,0,null,,0,ISO-8859-1,1,0,DESKTOP-JHIFNH0,0,0
1601712102068,60771,localhost Memory,,,,,true,,0,0,0,0,null,,0,ISO-8859-1,1,0,DESKTOP-JHIFNH0,0,0
1601712102068,10927,localhost CPU,,,,,true,,0,0,0,0,null,,0,ISO-8859-1,1,0,DESKTOP-JHIFNH0,0,0
1601712102068,5000,localhost Disks I/O,,,,,true,,0,0,0,0,null,,0,ISO-8859-1,1,0,DESKTOP-JHIFNH0,0,0
1601712103069,60756,localhost Memory,,,,,true,,0,0,0,0,null,,0,ISO-8859-1,1,0,DESKTOP-JHIFNH0,0,0
1601712103069,12121,localhost CPU,,,,,true,,0,0,0,0,null,,0,ISO-8859-1,1,0,DESKTOP-JHIFNH0,0,0
1601712103069,0,localhost Disks I/O,,,,,true,,0,0,0,0,null,,0,ISO-8859-1,1,0,DESKTOP-JHIFNH0,0,0
1601712104070,60747,localhost Memory,,,,,true,,0,0,0,0,null,,0,ISO-8859-1,1,0,DESKTOP-JHIFNH0,0,0
1601712104070,13638,localhost CPU,,,,,true,,0,0,0,0,null,,0,ISO-8859-1,1,0,DESKTOP-JHIFNH0,0,0
1601712104070,0,localhost Disks I/O,,,,,true,,0,0,0,0,null,,0,ISO-8859-1,1,0,DESKTOP-JHIFNH0,0,0
1601712105071,60742,localhost Memory,,,,,true,,0,0,0,0,null,,0,ISO-8859-1,1,0,DESKTOP-JHIFNH0,0,0
1601712105071,13653,localhost CPU,,,,,true,,0,0,0,0,null,,0,ISO-8859-1,1,0,DESKTOP-JHIFNH0,0,0
1601712105071,0,localhost Disks I/O,,,,,true,,0,0,0,0,null,,0,ISO-8859-1,1,0,DESKTOP-JHIFNH0,0,0
1601712106071,60739,localhost Memory,,,,,true,,0,0,0,0,null,,0,ISO-8859-1,1,0,DESKTOP-JHIFNH0,0,0
1601712106071,11350,localhost CPU,,,,,true,,0,0,0,0,null,,0,ISO-8859-1,1,0,DESKTOP-JHIFNH0,0,0
1601712106071,0,localhost Disks I/O,,,,,true,,0,0,0,0,null,,0,ISO-8859-1,1,0,DESKTOP-JHIFNH0,0,0
1601712107072,60929,localhost Memory,,,,,true,,0,0,0,0,null,,0,ISO-8859-1,1,0,DESKTOP-JHIFNH0,0,0
1601712107072,32775,localhost CPU,,,,,true,,0,0,0,0,null,,0,ISO-8859-1,1,0,DESKTOP-JHIFNH0,0,0
1601712107072,0,localhost Disks I/O,,,,,true,,0,0,0,0,null,,0,ISO-8859-1,1,0,DESKTOP-JHIFNH0,0,0
1601712108072,60923,localhost Memory,,,,,true,,0,0,0,0,null,,0,ISO-8859-1,1,0,DESKTOP-JHIFNH0,0,0
1601712108072,13648,localhost CPU,,,,,true,,0,0,0,0,null,,0,ISO-8859-1,1,0,DESKTOP-JHIFNH0,0,0
1601712108072,0,localhost Disks I/O,,,,,true,,0,0,0,0,null,,0,ISO-8859-1,1,0,DESKTOP-JHIFNH0,0,0
1601712109072,60917,localhost Memory,,,,,true,,0,0,0,0,null,,0,ISO-8859-1,1,0,DESKTOP-JHIFNH0,0,0
1601712109072,12893,localhost CPU,,,,,true,,0,0,0,0,null,,0,ISO-8859-1,1,0,DESKTOP-JHIFNH0,0,0
1601712109072,0,localhost Disks I/O,,,,,true,,0,0,0,0,null,,0,ISO-8859-1,1,0,DESKTOP-JHIFNH0,0,0
1601712110072,60932,localhost Memory,,,,,true,,0,0,0,0,null,,0,ISO-8859-1,1,0,DESKTOP-JHIFNH0,0,0
1601712110072,10530,localhost CPU,,,,,true,,0,0,0,0,null,,0,ISO-8859-1,1,0,DESKTOP-JHIFNH0,0,0
1601712110072,0,localhost Disks I/O,,,,,true,,0,0,0,0,null,,0,ISO-8859-1,1,0,DESKTOP-JHIFNH0,0,0
1601712111072,60934,localhost Memory,,,,,true,,0,0,0,0,null,,0,ISO-8859-1,1,0,DESKTOP-JHIFNH0,0,0
1601712111072,14018,localhost CPU,,,,,true,,0,0,0,0,null,,0,ISO-8859-1,1,0,DESKTOP-JHIFNH0,0,0
1601712111072,0,localhost Disks I/O,,,,,true,,0,0,0,0,null,,0,ISO-8859-1,1,0,DESKTOP-JHIFNH0,0,0
1601712112072,60937,localhost Memory,,,,,true,,0,0,0,0,null,,0,ISO-8859-1,1,0,DESKTOP-JHIFNH0,0,0
1601712112072,12878,localhost CPU,,,,,true,,0,0,0,0,null,,0,ISO-8859-1,1,0,DESKTOP-JHIFNH0,0,0
1601712112072,0,localhost Disks I/O,,,,,true,,0,0,0,0,null,,0,ISO-8859-1,1,0,DESKTOP-JHIFNH0,0,0
1601712113073,60930,localhost Memory,,,,,true,,0,0,0,0,null,,0,ISO-8859-1,1,0,DESKTOP-JHIFNH0,0,0
1601712113073,14846,localhost CPU,,,,,true,,0,0,0,0,null,,0,ISO-8859-1,1,0,DESKTOP-JHIFNH0,0,0
1601712113073,0,localhost Disks I/O,,,,,true,,0,0,0,0,null,,0,ISO-8859-1,1,0,DESKTOP-JHIFNH0,0,0
1601712114074,60977,localhost Memory,,,,,true,,0,0,0,0,null,,0,ISO-8859-1,1,0,DESKTOP-JHIFNH0,0,0
1601712114074,14832,localhost CPU,,,,,true,,0,0,0,0,null,,0,ISO-8859-1,1,0,DESKTOP-JHIFNH0,0,0
1601712114074,0,localhost Disks I/O,,,,,true,,0,0,0,0,null,,0,ISO-8859-1,1,0,DESKTOP-JHIFNH0,0,0
1601712115075,61033,localhost Memory,,,,,true,,0,0,0,0,null,,0,ISO-8859-1,1,0,DESKTOP-JHIFNH0,0,0
1601712115075,16313,localhost CPU,,,,,true,,0,0,0,0,null,,0,ISO-8859-1,1,0,DESKTOP-JHIFNH0,0,0
1601712115075,0,localhost Disks I/O,,,,,true,,0,0,0,0,null,,0,ISO-8859-1,1,0,DESKTOP-JHIFNH0,0,0
1601712116076,61044,localhost Memory,,,,,true,,0,0,0,0,null,,0,ISO-8859-1,1,0,DESKTOP-JHIFNH0,0,0
1601712116076,16795,localhost CPU,,,,,true,,0,0,0,0,null,,0,ISO-8859-1,1,0,DESKTOP-JHIFNH0,0,0
1601712116076,0,localhost Disks I/O,,,,,true,,0,0,0,0,null,,0,ISO-8859-1,1,0,DESKTOP-JHIFNH0,0,0
1601712117076,61044,localhost Memory,,,,,true,,0,0,0,0,null,,0,ISO-8859-1,1,0,DESKTOP-JHIFNH0,0,0
1601712117076,12830,localhost CPU,,,,,true,,0,0,0,0,null,,0,ISO-8859-1,1,0,DESKTOP-JHIFNH0,0,0
1601712117076,0,localhost Disks I/O,,,,,true,,0,0,0,0,null,,0,ISO-8859-1,1,0,DESKTOP-JHIFNH0,0,0
1601712118077,61065,localhost Memory,,,,,true,,0,0,0,0,null,,0,ISO-8859-1,1,0,DESKTOP-JHIFNH0,0,0
1601712118077,16141,localhost CPU,,,,,true,,0,0,0,0,null,,0,ISO-8859-1,1,0,DESKTOP-JHIFNH0,0,0
1601712118077,0,localhost Disks I/O,,,,,true,,0,0,0,0,null,,0,ISO-8859-1,1,0,DESKTOP-JHIFNH0,0,0
1601712119077,61062,localhost Memory,,,,,true,,0,0,0,0,null,,0,ISO-8859-1,1,0,DESKTOP-JHIFNH0,0,0
1601712119077,25062,localhost CPU,,,,,true,,0,0,0,0,null,,0,ISO-8859-1,1,0,DESKTOP-JHIFNH0,0,0
1601712119077,0,localhost Disks I/O,,,,,true,,0,0,0,0,null,,0,ISO-8859-1,1,0,DESKTOP-JHIFNH0,0,0
1601712120078,61070,localhost Memory,,,,,true,,0,0,0,0,null,,0,ISO-8859-1,1,0,DESKTOP-JHIFNH0,0,0
1601712120078,15153,localhost CPU,,,,,true,,0,0,0,0,null,,0,ISO-8859-1,1,0,DESKTOP-JHIFNH0,0,0
1601712120078,0,localhost Disks I/O,,,,,true,,0,0,0,0,null,,0,ISO-8859-1,1,0,DESKTOP-JHIFNH0,0,0
1601712121078,61089,localhost Memory,,,,,true,,0,0,0,0,null,,0,ISO-8859-1,1,0,DESKTOP-JHIFNH0,0,0
1601712121078,16528,localhost CPU,,,,,true,,0,0,0,0,null,,0,ISO-8859-1,1,0,DESKTOP-JHIFNH0,0,0
1601712121078,0,localhost Disks I/O,,,,,true,,0,0,0,0,null,,0,ISO-8859-1,1,0,DESKTOP-JHIFNH0,0,0
1601712122079,61090,localhost Memory,,,,,true,,0,0,0,0,null,,0,ISO-8859-1,1,0,DESKTOP-JHIFNH0,0,0
1601712122079,18244,localhost CPU,,,,,true,,0,0,0,0,null,,0,ISO-8859-1,1,0,DESKTOP-JHIFNH0,0,0
1601712122079,0,localhost Disks I/O,,,,,true,,0,0,0,0,null,,0,ISO-8859-1,1,0,DESKTOP-JHIFNH0,0,0
1601712123080,61074,localhost Memory,,,,,true,,0,0,0,0,null,,0,ISO-8859-1,1,0,DESKTOP-JHIFNH0,0,0
1601712123080,21586,localhost CPU,,,,,true,,0,0,0,0,null,,0,ISO-8859-1,1,0,DESKTOP-JHIFNH0,0,0
1601712123080,0,localhost Disks I/O,,,,,true,,0,0,0,0,null,,0,ISO-8859-1,1,0,DESKTOP-JHIFNH0,0,0
1601712124080,61066,localhost Memory,,,,,true,,0,0,0,0,null,,0,ISO-8859-1,1,0,DESKTOP-JHIFNH0,0,0
1601712124081,13234,localhost CPU,,,,,true,,0,0,0,0,null,,0,ISO-8859-1,1,0,DESKTOP-JHIFNH0,0,0
1601712124081,0,localhost Disks I/O,,,,,true,,0,0,0,0,null,,0,ISO-8859-1,1,0,DESKTOP-JHIFNH0,0,0
1601712125082,61075,localhost Memory,,,,,true,,0,0,0,0,null,,0,ISO-8859-1,1,0,DESKTOP-JHIFNH0,0,0
1601712125082,14036,localhost CPU,,,,,true,,0,0,0,0,null,,0,ISO-8859-1,1,0,DESKTOP-JHIFNH0,0,0
1601712125082,0,localhost Disks I/O,,,,,true,,0,0,0,0,null,,0,ISO-8859-1,1,0,DESKTOP-JHIFNH0,0,0
1601712126082,61108,localhost Memory,,,,,true,,0,0,0,0,null,,0,ISO-8859-1,1,0,DESKTOP-JHIFNH0,0,0
1601712126082,13674,localhost CPU,,,,,true,,0,0,0,0,null,,0,ISO-8859-1,1,0,DESKTOP-JHIFNH0,0,0
1601712126082,0,localhost Disks I/O,,,,,true,,0,0,0,0,null,,0,ISO-8859-1,1,0,DESKTOP-JHIFNH0,0,0
1601712127083,61194,localhost Memory,,,,,true,,0,0,0,0,null,,0,ISO-8859-1,1,0,DESKTOP-JHIFNH0,0,0
1601712127083,21369,localhost CPU,,,,,true,,0,0,0,0,null,,0,ISO-8859-1,1,0,DESKTOP-JHIFNH0,0,0
1601712127083,0,localhost Disks I/O,,,,,true,,0,0,0,0,null,,0,ISO-8859-1,1,0,DESKTOP-JHIFNH0,0,0
1601712128083,61212,localhost Memory,,,,,true,,0,0,0,0,null,,0,ISO-8859-1,1,0,DESKTOP-JHIFNH0,0,0
1601712128083,18720,localhost CPU,,,,,true,,0,0,0,0,null,,0,ISO-8859-1,1,0,DESKTOP-JHIFNH0,0,0
1601712128083,0,localhost Disks I/O,,,,,true,,0,0,0,0,null,,0,ISO-8859-1,1,0,DESKTOP-JHIFNH0,0,0
1601712129084,61247,localhost Memory,,,,,true,,0,0,0,0,null,,0,ISO-8859-1,1,0,DESKTOP-JHIFNH0,0,0
1601712129084,13225,localhost CPU,,,,,true,,0,0,0,0,null,,0,ISO-8859-1,1,0,DESKTOP-JHIFNH0,0,0
1601712129084,0,localhost Disks I/O,,,,,true,,0,0,0,0,null,,0,ISO-8859-1,1,0,DESKTOP-JHIFNH0,0,0
1601712130084,61245,localhost Memory,,,,,true,,0,0,0,0,null,,0,ISO-8859-1,1,0,DESKTOP-JHIFNH0,0,0
1601712130085,16379,localhost CPU,,,,,true,,0,0,0,0,null,,0,ISO-8859-1,1,0,DESKTOP-JHIFNH0,0,0
1601712130085,0,localhost Disks I/O,,,,,true,,0,0,0,0,null,,0,ISO-8859-1,1,0,DESKTOP-JHIFNH0,0,0
1601712131085,61333,localhost Memory,,,,,true,,0,0,0,0,null,,0,ISO-8859-1,1,0,DESKTOP-JHIFNH0,0,0
1601712131085,16733,localhost CPU,,,,,true,,0,0,0,0,null,,0,ISO-8859-1,1,0,DESKTOP-JHIFNH0,0,0
1601712131085,0,localhost Disks I/O,,,,,true,,0,0,0,0,null,,0,ISO-8859-1,1,0,DESKTOP-JHIFNH0,0,0
1601712132087,61394,localhost Memory,,,,,true,,0,0,0,0,null,,0,ISO-8859-1,1,0,DESKTOP-JHIFNH0,0,0
1601712132087,16420,localhost CPU,,,,,true,,0,0,0,0,null,,0,ISO-8859-1,1,0,DESKTOP-JHIFNH0,0,0
1601712132087,0,localhost Disks I/O,,,,,true,,0,0,0,0,null,,0,ISO-8859-1,1,0,DESKTOP-JHIFNH0,0,0
1601712133088,61423,localhost Memory,,,,,true,,0,0,0,0,null,,0,ISO-8859-1,1,0,DESKTOP-JHIFNH0,0,0
1601712133088,17887,localhost CPU,,,,,true,,0,0,0,0,null,,0,ISO-8859-1,1,0,DESKTOP-JHIFNH0,0,0
1601712133088,0,localhost Disks I/O,,,,,true,,0,0,0,0,null,,0,ISO-8859-1,1,0,DESKTOP-JHIFNH0,0,0
1601712134088,61411,localhost Memory,,,,,true,,0,0,0,0,null,,0,ISO-8859-1,1,0,DESKTOP-JHIFNH0,0,0
1601712134088,10125,localhost CPU,,,,,true,,0,0,0,0,null,,0,ISO-8859-1,1,0,DESKTOP-JHIFNH0,0,0
1601712134088,0,localhost Disks I/O,,,,,true,,0,0,0,0,null,,0,ISO-8859-1,1,0,DESKTOP-JHIFNH0,0,0
1601712135088,61397,localhost Memory,,,,,true,,0,0,0,0,null,,0,ISO-8859-1,1,0,DESKTOP-JHIFNH0,0,0
1601712135088,15625,localhost CPU,,,,,true,,0,0,0,0,null,,0,ISO-8859-1,1,0,DESKTOP-JHIFNH0,0,0
1601712135088,0,localhost Disks I/O,,,,,true,,0,0,0,0,null,,0,ISO-8859-1,1,0,DESKTOP-JHIFNH0,0,0
1601712136088,61468,localhost Memory,,,,,true,,0,0,0,0,null,,0,ISO-8859-1,1,0,DESKTOP-JHIFNH0,0,0
1601712136088,13222,localhost CPU,,,,,true,,0,0,0,0,null,,0,ISO-8859-1,1,0,DESKTOP-JHIFNH0,0,0
1601712136088,0,localhost Disks I/O,,,,,true,,0,0,0,0,null,,0,ISO-8859-1,1,0,DESKTOP-JHIFNH0,0,0
1601712137088,61456,localhost Memory,,,,,true,,0,0,0,0,null,,0,ISO-8859-1,1,0,DESKTOP-JHIFNH0,0,0
1601712137088,12503,localhost CPU,,,,,true,,0,0,0,0,null,,0,ISO-8859-1,1,0,DESKTOP-JHIFNH0,0,0
1601712137088,0,localhost Disks I/O,,,,,true,,0,0,0,0,null,,0,ISO-8859-1,1,0,DESKTOP-JHIFNH0,0,0
1601712138089,61514,localhost Memory,,,,,true,,0,0,0,0,null,,0,ISO-8859-1,1,0,DESKTOP-JHIFNH0,0,0
1601712138089,15671,localhost CPU,,,,,true,,0,0,0,0,null,,0,ISO-8859-1,1,0,DESKTOP-JHIFNH0,0,0
1601712138089,0,localhost Disks I/O,,,,,true,,0,0,0,0,null,,0,ISO-8859-1,1,0,DESKTOP-JHIFNH0,0,0
1601712139090,61515,localhost Memory,,,,,true,,0,0,0,0,null,,0,ISO-8859-1,1,0,DESKTOP-JHIFNH0,0,0
1601712139090,12075,localhost CPU,,,,,true,,0,0,0,0,null,,0,ISO-8859-1,1,0,DESKTOP-JHIFNH0,0,0
1601712139090,0,localhost Disks I/O,,,,,true,,0,0,0,0,null,,0,ISO-8859-1,1,0,DESKTOP-JHIFNH0,0,0
1601712140090,61559,localhost Memory,,,,,true,,0,0,0,0,null,,0,ISO-8859-1,1,0,DESKTOP-JHIFNH0,0,0
1601712140090,13296,localhost CPU,,,,,true,,0,0,0,0,null,,0,ISO-8859-1,1,0,DESKTOP-JHIFNH0,0,0
1601712140090,0,localhost Disks I/O,,,,,true,,0,0,0,0,null,,0,ISO-8859-1,1,0,DESKTOP-JHIFNH0,0,0
1601712141090,61562,localhost Memory,,,,,true,,0,0,0,0,null,,0,ISO-8859-1,1,0,DESKTOP-JHIFNH0,0,0
1601712141090,17119,localhost CPU,,,,,true,,0,0,0,0,null,,0,ISO-8859-1,1,0,DESKTOP-JHIFNH0,0,0
1601712141090,0,localhost Disks I/O,,,,,true,,0,0,0,0,null,,0,ISO-8859-1,1,0,DESKTOP-JHIFNH0,0,0
1601712142091,61571,localhost Memory,,,,,true,,0,0,0,0,null,,0,ISO-8859-1,1,0,DESKTOP-JHIFNH0,0,0
1601712142091,17451,localhost CPU,,,,,true,,0,0,0,0,null,,0,ISO-8859-1,1,0,DESKTOP-JHIFNH0,0,0
1601712142091,0,localhost Disks I/O,,,,,true,,0,0,0,0,null,,0,ISO-8859-1,1,0,DESKTOP-JHIFNH0,0,0
1601712143091,61549,localhost Memory,,,,,true,,0,0,0,0,null,,0,ISO-8859-1,1,0,DESKTOP-JHIFNH0,0,0
1601712143091,13954,localhost CPU,,,,,true,,0,0,0,0,null,,0,ISO-8859-1,1,0,DESKTOP-JHIFNH0,0,0
1601712143091,0,localhost Disks I/O,,,,,true,,0,0,0,0,null,,0,ISO-8859-1,1,0,DESKTOP-JHIFNH0,0,0
1601712144092,61553,localhost Memory,,,,,true,,0,0,0,0,null,,0,ISO-8859-1,1,0,DESKTOP-JHIFNH0,0,0
1601712144093,15267,localhost CPU,,,,,true,,0,0,0,0,null,,0,ISO-8859-1,1,0,DESKTOP-JHIFNH0,0,0
1601712144093,0,localhost Disks I/O,,,,,true,,0,0,0,0,null,,0,ISO-8859-1,1,0,DESKTOP-JHIFNH0,0,0
1601712145093,61533,localhost Memory,,,,,true,,0,0,0,0,null,,0,ISO-8859-1,1,0,DESKTOP-JHIFNH0,0,0
1601712145093,17579,localhost CPU,,,,,true,,0,0,0,0,null,,0,ISO-8859-1,1,0,DESKTOP-JHIFNH0,0,0
1601712145093,0,localhost Disks I/O,,,,,true,,0,0,0,0,null,,0,ISO-8859-1,1,0,DESKTOP-JHIFNH0,0,0
1601712146094,61516,localhost Memory,,,,,true,,0,0,0,0,null,,0,ISO-8859-1,1,0,DESKTOP-JHIFNH0,0,0
1601712146095,14071,localhost CPU,,,,,true,,0,0,0,0,null,,0,ISO-8859-1,1,0,DESKTOP-JHIFNH0,0,0
1601712146095,0,localhost Disks I/O,,,,,true,,0,0,0,0,null,,0,ISO-8859-1,1,0,DESKTOP-JHIFNH0,0,0
1601712147095,61506,localhost Memory,,,,,true,,0,0,0,0,null,,0,ISO-8859-1,1,0,DESKTOP-JHIFNH0,0,0
1601712147095,15246,localhost CPU,,,,,true,,0,0,0,0,null,,0,ISO-8859-1,1,0,DESKTOP-JHIFNH0,0,0
1601712147095,5000,localhost Disks I/O,,,,,true,,0,0,0,0,null,,0,ISO-8859-1,1,0,DESKTOP-JHIFNH0,0,0
1601712148096,61498,localhost Memory,,,,,true,,0,0,0,0,null,,0,ISO-8859-1,1,0,DESKTOP-JHIFNH0,0,0
1601712148096,16379,localhost CPU,,,,,true,,0,0,0,0,null,,0,ISO-8859-1,1,0,DESKTOP-JHIFNH0,0,0
1601712148096,0,localhost Disks I/O,,,,,true,,0,0,0,0,null,,0,ISO-8859-1,1,0,DESKTOP-JHIFNH0,0,0
1601712149097,61478,localhost Memory,,,,,true,,0,0,0,0,null,,0,ISO-8859-1,1,0,DESKTOP-JHIFNH0,0,0
1601712149097,16799,localhost CPU,,,,,true,,0,0,0,0,null,,0,ISO-8859-1,1,0,DESKTOP-JHIFNH0,0,0
1601712149097,0,localhost Disks I/O,,,,,true,,0,0,0,0,null,,0,ISO-8859-1,1,0,DESKTOP-JHIFNH0,0,0
1601712150097,61470,localhost Memory,,,,,true,,0,0,0,0,null,,0,ISO-8859-1,1,0,DESKTOP-JHIFNH0,0,0
1601712150097,16404,localhost CPU,,,,,true,,0,0,0,0,null,,0,ISO-8859-1,1,0,DESKTOP-JHIFNH0,0,0
1601712150097,0,localhost Disks I/O,,,,,true,,0,0,0,0,null,,0,ISO-8859-1,1,0,DESKTOP-JHIFNH0,0,0
1601712151097,61468,localhost Memory,,,,,true,,0,0,0,0,null,,0,ISO-8859-1,1,0,DESKTOP-JHIFNH0,0,0
1601712151097,18328,localhost CPU,,,,,true,,0,0,0,0,null,,0,ISO-8859-1,1,0,DESKTOP-JHIFNH0,0,0
1601712151097,0,localhost Disks I/O,,,,,true,,0,0,0,0,null,,0,ISO-8859-1,1,0,DESKTOP-JHIFNH0,0,0
1601712152098,61560,localhost Memory,,,,,true,,0,0,0,0,null,,0,ISO-8859-1,1,0,DESKTOP-JHIFNH0,0,0
1601712152098,21757,localhost CPU,,,,,true,,0,0,0,0,null,,0,ISO-8859-1,1,0,DESKTOP-JHIFNH0,0,0
1601712152098,0,localhost Disks I/O,,,,,true,,0,0,0,0,null,,0,ISO-8859-1,1,0,DESKTOP-JHIFNH0,0,0
1601712153100,61643,localhost Memory,,,,,true,,0,0,0,0,null,,0,ISO-8859-1,1,0,DESKTOP-JHIFNH0,0,0
1601712153100,12793,localhost CPU,,,,,true,,0,0,0,0,null,,0,ISO-8859-1,1,0,DESKTOP-JHIFNH0,0,0
1601712153100,0,localhost Disks I/O,,,,,true,,0,0,0,0,null,,0,ISO-8859-1,1,0,DESKTOP-JHIFNH0,0,0
1601712154101,61640,localhost Memory,,,,,true,,0,0,0,0,null,,0,ISO-8859-1,1,0,DESKTOP-JHIFNH0,0,0
1601712154101,14014,localhost CPU,,,,,true,,0,0,0,0,null,,0,ISO-8859-1,1,0,DESKTOP-JHIFNH0,0,0
1601712154101,0,localhost Disks I/O,,,,,true,,0,0,0,0,null,,0,ISO-8859-1,1,0,DESKTOP-JHIFNH0,0,0
1601712155101,61640,localhost Memory,,,,,true,,0,0,0,0,null,,0,ISO-8859-1,1,0,DESKTOP-JHIFNH0,0,0
1601712155101,8201,localhost CPU,,,,,true,,0,0,0,0,null,,0,ISO-8859-1,1,0,DESKTOP-JHIFNH0,0,0
1601712155101,0,localhost Disks I/O,,,,,true,,0,0,0,0,null,,0,ISO-8859-1,1,0,DESKTOP-JHIFNH0,0,0
1601712156101,61644,localhost Memory,,,,,true,,0,0,0,0,null,,0,ISO-8859-1,1,0,DESKTOP-JHIFNH0,0,0
1601712156101,12035,localhost CPU,,,,,true,,0,0,0,0,null,,0,ISO-8859-1,1,0,DESKTOP-JHIFNH0,0,0
1601712156101,0,localhost Disks I/O,,,,,true,,0,0,0,0,null,,0,ISO-8859-1,1,0,DESKTOP-JHIFNH0,0,0
1601712157102,61643,localhost Memory,,,,,true,,0,0,0,0,null,,0,ISO-8859-1,1,0,DESKTOP-JHIFNH0,0,0
1601712157102,13275,localhost CPU,,,,,true,,0,0,0,0,null,,0,ISO-8859-1,1,0,DESKTOP-JHIFNH0,0,0
1601712157102,0,localhost Disks I/O,,,,,true,,0,0,0,0,null,,0,ISO-8859-1,1,0,DESKTOP-JHIFNH0,0,0
1601712158103,61648,localhost Memory,,,,,true,,0,0,0,0,null,,0,ISO-8859-1,1,0,DESKTOP-JHIFNH0,0,0
1601712158103,12478,localhost CPU,,,,,true,,0,0,0,0,null,,0,ISO-8859-1,1,0,DESKTOP-JHIFNH0,0,0
1601712158103,0,localhost Disks I/O,,,,,true,,0,0,0,0,null,,0,ISO-8859-1,1,0,DESKTOP-JHIFNH0,0,0
1601712159103,61725,localhost Memory,,,,,true,,0,0,0,0,null,,0,ISO-8859-1,1,0,DESKTOP-JHIFNH0,0,0
1601712159103,14015,localhost CPU,,,,,true,,0,0,0,0,null,,0,ISO-8859-1,1,0,DESKTOP-JHIFNH0,0,0
1601712159103,0,localhost Disks I/O,,,,,true,,0,0,0,0,null,,0,ISO-8859-1,1,0,DESKTOP-JHIFNH0,0,0
1601712160104,61794,localhost Memory,,,,,true,,0,0,0,0,null,,0,ISO-8859-1,1,0,DESKTOP-JHIFNH0,0,0
1601712160104,12500,localhost CPU,,,,,true,,0,0,0,0,null,,0,ISO-8859-1,1,0,DESKTOP-JHIFNH0,0,0
1601712160104,0,localhost Disks I/O,,,,,true,,0,0,0,0,null,,0,ISO-8859-1,1,0,DESKTOP-JHIFNH0,0,0
1601712161104,61798,localhost Memory,,,,,true,,0,0,0,0,null,,0,ISO-8859-1,1,0,DESKTOP-JHIFNH0,0,0
1601712161104,16425,localhost CPU,,,,,true,,0,0,0,0,null,,0,ISO-8859-1,1,0,DESKTOP-JHIFNH0,0,0
1601712161104,0,localhost Disks I/O,,,,,true,,0,0,0,0,null,,0,ISO-8859-1,1,0,DESKTOP-JHIFNH0,0,0
1601712162104,61777,localhost Memory,,,,,true,,0,0,0,0,null,,0,ISO-8859-1,1,0,DESKTOP-JHIFNH0,0,0
1601712162104,11700,localhost CPU,,,,,true,,0,0,0,0,null,,0,ISO-8859-1,1,0,DESKTOP-JHIFNH0,0,0
1601712162104,0,localhost Disks I/O,,,,,true,,0,0,0,0,null,,0,ISO-8859-1,1,0,DESKTOP-JHIFNH0,0,0
1601712163104,61774,localhost Memory,,,,,true,,0,0,0,0,null,,0,ISO-8859-1,1,0,DESKTOP-JHIFNH0,0,0
1601712163104,15566,localhost CPU,,,,,true,,0,0,0,0,null,,0,ISO-8859-1,1,0,DESKTOP-JHIFNH0,0,0
1601712163104,0,localhost Disks I/O,,,,,true,,0,0,0,0,null,,0,ISO-8859-1,1,0,DESKTOP-JHIFNH0,0,0
1601712164105,61753,localhost Memory,,,,,true,,0,0,0,0,null,,0,ISO-8859-1,1,0,DESKTOP-JHIFNH0,0,0
1601712164105,10569,localhost CPU,,,,,true,,0,0,0,0,null,,0,ISO-8859-1,1,0,DESKTOP-JHIFNH0,0,0
1601712164105,0,localhost Disks I/O,,,,,true,,0,0,0,0,null,,0,ISO-8859-1,1,0,DESKTOP-JHIFNH0,0,0
1601712165105,61730,localhost Memory,,,,,true,,0,0,0,0,null,,0,ISO-8859-1,1,0,DESKTOP-JHIFNH0,0,0
1601712165105,16720,localhost CPU,,,,,true,,0,0,0,0,null,,0,ISO-8859-1,1,0,DESKTOP-JHIFNH0,0,0
1601712165105,0,localhost Disks I/O,,,,,true,,0,0,0,0,null,,0,ISO-8859-1,1,0,DESKTOP-JHIFNH0,0,0
1601712166105,61733,localhost Memory,,,,,true,,0,0,0,0,null,,0,ISO-8859-1,1,0,DESKTOP-JHIFNH0,0,0
1601712166105,12915,localhost CPU,,,,,true,,0,0,0,0,null,,0,ISO-8859-1,1,0,DESKTOP-JHIFNH0,0,0
1601712166105,0,localhost Disks I/O,,,,,true,,0,0,0,0,null,,0,ISO-8859-1,1,0,DESKTOP-JHIFNH0,0,0
1601712167106,61665,localhost Memory,,,,,true,,0,0,0,0,null,,0,ISO-8859-1,1,0,DESKTOP-JHIFNH0,0,0
1601712167106,17183,localhost CPU,,,,,true,,0,0,0,0,null,,0,ISO-8859-1,1,0,DESKTOP-JHIFNH0,0,0
1601712167106,0,localhost Disks I/O,,,,,true,,0,0,0,0,null,,0,ISO-8859-1,1,0,DESKTOP-JHIFNH0,0,0
1601712168106,61626,localhost Memory,,,,,true,,0,0,0,0,null,,0,ISO-8859-1,1,0,DESKTOP-JHIFNH0,0,0
1601712168106,17929,localhost CPU,,,,,true,,0,0,0,0,null,,0,ISO-8859-1,1,0,DESKTOP-JHIFNH0,0,0
1601712168106,0,localhost Disks I/O,,,,,true,,0,0,0,0,null,,0,ISO-8859-1,1,0,DESKTOP-JHIFNH0,0,0
1601712169106,61596,localhost Memory,,,,,true,,0,0,0,0,null,,0,ISO-8859-1,1,0,DESKTOP-JHIFNH0,0,0
1601712169106,18020,localhost CPU,,,,,true,,0,0,0,0,null,,0,ISO-8859-1,1,0,DESKTOP-JHIFNH0,0,0
1601712169106,0,localhost Disks I/O,,,,,true,,0,0,0,0,null,,0,ISO-8859-1,1,0,DESKTOP-JHIFNH0,0,0
1601712170106,61599,localhost Memory,,,,,true,,0,0,0,0,null,,0,ISO-8859-1,1,0,DESKTOP-JHIFNH0,0,0
1601712170106,19325,localhost CPU,,,,,true,,0,0,0,0,null,,0,ISO-8859-1,1,0,DESKTOP-JHIFNH0,0,0
1601712170106,0,localhost Disks I/O,,,,,true,,0,0,0,0,null,,0,ISO-8859-1,1,0,DESKTOP-JHIFNH0,0,0
1601712171106,61582,localhost Memory,,,,,true,,0,0,0,0,null,,0,ISO-8859-1,1,0,DESKTOP-JHIFNH0,0,0
1601712171106,17220,localhost CPU,,,,,true,,0,0,0,0,null,,0,ISO-8859-1,1,0,DESKTOP-JHIFNH0,0,0
1601712171106,0,localhost Disks I/O,,,,,true,,0,0,0,0,null,,0,ISO-8859-1,1,0,DESKTOP-JHIFNH0,0,0
